<?xml-stylesheet type='text/xsl' href='anzctrTransform.xsl'?>
<ANZCTR_Trial requestNumber="371300">
  <stage>Registered</stage>
  <submitdate>20/08/2016</submitdate>
  <approvaldate>29/08/2016</approvaldate>
  <actrnumber>ACTRN12616001185459</actrnumber>
  <trial_identification>
    <studytitle>First Human Use of an Investigational Bronchoscope System - Assessing Safety and Performance</studytitle>
    <scientifictitle>A Prospective Investigation of the Use of the Intuitive Robotic-Assisted Bronchoscope System (Safety and Feasibility Study) in patients with Pulmonary Nodules of Unknown Etiology</scientifictitle>
    <utrn />
    <trialacronym />
    <secondaryid>Nil Known</secondaryid>
  </trial_identification>
  <conditions>
    <healthcondition>Pulmonary Nodules of Unknown Etiology</healthcondition>
    <conditioncode>
      <conditioncode1>Respiratory</conditioncode1>
      <conditioncode2>Other respiratory disorders / diseases</conditioncode2>
    </conditioncode>
    <conditioncode>
      <conditioncode1>Cancer</conditioncode1>
      <conditioncode2>Lung - Small cell</conditioncode2>
    </conditioncode>
    <conditioncode>
      <conditioncode1>Cancer</conditioncode1>
      <conditioncode2>Lung - Non small cell</conditioncode2>
    </conditioncode>
  </conditions>
  <interventions>
    <interventions>Subjects will be screened according  to study specific criteria to determine if eligible for the trial.  After undergoing pre-procedure assessments which are standard of care for this type of procedure, the subject will be treated according to standard of care, but utilizing the study device under investigation by a trained physician with robust experience in performing bronchoscopy or other pulmonary interventions.   The study device is a robotic-assisted bronchoscope system, which is an alternative to a conventional bronchoscope.  The approximate duration of the procedure is approximately 1 hour.
 
Subjects will be monitored prior to discharge and undergo a post-procedure chest x-ray to check for any complications.  Subjects are then required to visit their study doctor at 7-days post-procedure for results of the diagnostic intervention and for a general health assessment, and will also undergo a phone or office visit at 90 and 180 day post procedure.</interventions>
    <comparator>No Comparator group</comparator>
    <control>Uncontrolled</control>
    <interventioncode>Diagnosis / Prognosis</interventioncode>
  </interventions>
  <outcomes>
    <primaryOutcome>
      <outcome>Evaluate safety (through intra and post-procedural complication rates)  of the study device under investigation as assessed through the rates of complications seen throughout the trial.  Primary safety outcomes are specific to pneumothorax (collapsed lung) and severe bleeding.  Complications will be noted in the patients medical record by trained study staff, and entered into a secure, de-identified study specific database.</outcome>
      <timepoint>Intra and post-procedure (through 180 days)</timepoint>
    </primaryOutcome>
    <primaryOutcome>
      <outcome>Evaluate the feasibility (through number of successful attempts to retrieve tissue samples for diagnosis compared to the number of attempts)  of the study device under investigation.  Feasibility will be assessed by comparing the number of subjects with a successful tissue sampling relative to the number of subjects with an attempt made.</outcome>
      <timepoint>Intra-procedural and post-procedure through 7 days</timepoint>
    </primaryOutcome>
    <secondaryOutcome>
      <outcome>Assess overall safety related to the study device, including all adverse events/complications (not just pneumothorax and bleeding).  Safety will be assessed by analyzing the rates of complications observed in enrolled subjects.  Complications will be noted in the patients medical record by trained study staff, and entered into a secure, de-identified study specific database.</outcome>
      <timepoint>through 180 days post-procedure</timepoint>
    </secondaryOutcome>
    <secondaryOutcome>
      <outcome>Evaluate accuracy characteristics related to the study device.  Accuracy characteristics will be assessed though comparing procedure results with post-procedure pathology results.</outcome>
      <timepoint>Intra-procedural through 180 days post procedure.</timepoint>
    </secondaryOutcome>
  </outcomes>
  <eligibility>
    <inclusivecriteria>1)  Patients suitable for surgery or intervention, aged 18 years - 75 years
2)  Pulmonary nodule(s) (PN) due to suspected lung cancer or metastatic disease or nodule(s) of unknown etiology that require further diagnostic evaluation 
3)  One or more soft tissue dominant pulmonary nodules between (and including) 10mm and 30 mm in largest dimension on axial plane
4)  Nodule completely surrounded by at least 5 mm lung parenchyma, does not touch the hilum or mediastinum, is not associated with adenopathy, atelectasis, or pleural effusion, and the proximal nodule margin (leading edge facing the bronchus &amp; catheter) is more than 1.5 cm distant to the visceral pleura 
5)  Patients with a moderate to high risk of lung cancer based on clinical, demographic and radiologic information using risk prediction algorithms (as described in the review article of Lam and Tammemagi)
6)  PN accessible bronchoscopically on planning CT reconstruction (within 3 cm proximity to PN)
7)  Patient able to understand and adhere to study requirements
8)  Patient able to provide and sign informed consent
9)  Patient not legally incapacitated
</inclusivecriteria>
    <inclusiveminage>18</inclusiveminage>
    <inclusiveminagetype>Years</inclusiveminagetype>
    <inclusivemaxage>75</inclusivemaxage>
    <inclusivemaxagetype>Years</inclusivemaxagetype>
    <inclusivegender>Both males and females</inclusivegender>
    <healthyvolunteer>No</healthyvolunteer>
    <exclusivecriteria>1)  An inability to tolerate bronchoscopy under endotracheal intubation and general anesthesia. 
2)  ASA class greater than or equal to 3
3)  PN touches the pulmonary hilum or mediastinum, or is  associated with adenopathy, lobar atelectasis, or pleural effusion 
4)  Central PNs located within the first 3 airway generations (segmental airways, B1-10)
5)  The airway leading to the target lesion arises from an aberrant accessory tracheal bronchus
6)  Continuous use of anticoagulants (eg, heparin, warfarin) or antiplatelet agents (e.g. Cyclooxygenase Inhibitors (Aspirin),   ADP-Receptor inhibitors (Clopidogrel), GP-IIB/IIIA- inhibitors (Abciximac), fish oil, etc) which cannot be discontinued. 
7)  Uncorrectable coagulopathy or bleeding diathesis
8)  Platelet dysfunction or platelet count less than 100×10 to the 9th power
9)  History of major bleeding with bronchoscopy
10)  Pulmonary hypertension with mean Pulmonary Arterial Pressure (PAP) greater than 25 mm
11)  Moderate-to-severe pulmonary fibrosis
12)  Severe respiratory insufficiency or hypoxia, moderate-to-severe hypoxemia or any degree of hypercarbia
13)  One or more bullae greater than 1 cm located in close vicinity (less than 1cm) of target PN
14)  Giant bullae within the same lobe of the target PN
15)  Partial tracheal obstruction or obstruction of the superior vena cava
16)  Any other severe or life-threatening comorbidity that could increase the risk of bronchoscopic biopsy for example:
16a)  greater than Stage 3 heart failure (NY-Heart Failure Classification)
16b)  Unstable hemodynamic status including 
16c)  Uncontrolled dysrhythmias 
16d)  History of ventricular arrhythmias 
16e)  Uncontrolled Hypertension 
(Blood Pressure systolic greater than 200mmHg, Blood Pressure diastolic greater than  120mmHg)
16f)  Unstable Angina
16g)  Myocardial infarction within 6 months
16h)  Severe cachexia, debility and malnutrition
16i)  Acute Renal or Liver Failure
17)  Ongoing systemic acute or chronic infection 
18)  Pneumonia or acute bronchitis within 3 month of the procedure
19)  Lung abscess
20)  White Blood Cell (WBC) Count  less than 2000 or  greater than 20,000
21)  Recent head injury or increased intracranial pressure
22)  Contraindication to general anesthesia
23)  Exposure to radiation treatment or chemotherapy within 3 months prior to the IROB procedure
24)  Participation in any other study in last 30 days
25)  Prior thoracic surgery on the same side of the lung as the PN or pneumonectomy of the contralateral lung
26)  Patients who are pregnant or lactating
27)  Patients with known intrapulmonary metastases of extrapulmonary cancer/tumors
28)  Persons with any kind of dependency on the investigator or employed by the sponsor or investigator
29)  Persons held in an institution by legal or official order, or part of vulnerable population (i.e. mentally disabled) 
30)  Known allergy, sensitivity or previous allergic reaction to ortho-phthalaldehyde (OPA)
</exclusivecriteria>
  </eligibility>
  <trial_design>
    <studytype>Interventional</studytype>
    <purpose>Diagnosis</purpose>
    <allocation>Non-randomised trial</allocation>
    <concealment />
    <sequence />
    <masking />
    <assignment />
    <designfeatures />
    <endpoint />
    <statisticalmethods />
    <masking1 />
    <masking2 />
    <masking3 />
    <masking4 />
    <patientregistry>False</patientregistry>
    <followup />
    <followuptype />
    <purposeobs />
    <duration />
    <selection />
    <timing />
  </trial_design>
  <recruitment>
    <phase />
    <anticipatedstartdate>5/09/2016</anticipatedstartdate>
    <actualstartdate>8/09/2016</actualstartdate>
    <anticipatedenddate />
    <actualenddate>16/02/2017</actualenddate>
    <samplesize>30</samplesize>
    <actualsamplesize>30</actualsamplesize>
    <recruitmentstatus>Active, not recruiting</recruitmentstatus>
    <anticipatedlastvisitdate>29/09/2017</anticipatedlastvisitdate>
    <actuallastvisitdate />
    <dataanalysis />
    <withdrawnreason />
    <withdrawnreasonother />
    <recruitmentcountry>Australia</recruitmentcountry>
    <recruitmentstate>QLD</recruitmentstate>
  </recruitment>
  <sponsorship>
    <primarysponsortype>Commercial sector/Industry</primarysponsortype>
    <primarysponsorname>Intuitive Surgical</primarysponsorname>
    <primarysponsoraddress>1020 Kifer Road
Sunnyvale, CA 94086</primarysponsoraddress>
    <primarysponsorcountry>United States of America</primarysponsorcountry>
    <fundingsource>
      <fundingtype>Commercial sector/Industry</fundingtype>
      <fundingname>Intuitive Surgical</fundingname>
      <fundingaddress>1020 Kifer Road
Sunnyvale, CA 94086</fundingaddress>
      <fundingcountry>United States of America</fundingcountry>
    </fundingsource>
    <secondarysponsor>
      <sponsortype>Commercial sector/Industry</sponsortype>
      <sponsorname>Pacific Clinical Research Group Pty Ltd (PCRG)</sponsorname>
      <sponsoraddress>1 Cassins Ave, North Sydney NSW 2060, Australia</sponsoraddress>
      <sponsorcountry>Australia</sponsorcountry>
    </secondarysponsor>
  </sponsorship>
  <ethicsAndSummary>
    <summary>First human use clinical trial of an investigational (not-approved) study device used to facilitate the biopsy of pulmonary nodules with unknown etiology.  The purpose of this study is to evaluate the safety and feasibility/performance of the investigational device - up to 30 subjects will be enrolled, and will be followed-up for up to 6 months post-procedure.</summary>
    <trialwebsite />
    <publication />
    <ethicsreview>Approved</ethicsreview>
    <publicnotes />
    <ethicscommitee>
      <ethicname>Royal Brisbane and Women's Hospital Human Research Ethics Committee (HREC)</ethicname>
      <ethicaddress>Level 7, Block 7 
Royal Brisbane &amp; Women's Hospital
Herston       Qld         4029
</ethicaddress>
      <ethicapprovaldate>12/08/2016</ethicapprovaldate>
      <hrec />
      <ethicsubmitdate>2/06/2016</ethicsubmitdate>
      <ethiccountry>Australia</ethiccountry>
    </ethicscommitee>
  </ethicsAndSummary>
  <attachment />
  <contacts>
    <contact>
      <title>Dr</title>
      <name>David Fielding</name>
      <address>Butterfield Street
Royal Brisbane &amp; Women's Hospital
Herston       Qld         4029
</address>
      <phone>+61 7 36464241</phone>
      <fax />
      <email>david.fielding@health.qld.gov.au</email>
      <country>Australia</country>
      <type>Principal Investigator</type>
    </contact>
    <contact>
      <title>Mr</title>
      <name>Sundeep Master</name>
      <address>Intuitive Surgical
1020 Kifer Road
Sunnyvale, CA 94086</address>
      <phone>+1 408-523-1045</phone>
      <fax />
      <email>sundeep.master@intusurg.com</email>
      <country>United States of America</country>
      <type>Public Queries</type>
    </contact>
    <contact>
      <title>Mr</title>
      <name>Sundeep Master</name>
      <address>Intuitive Surgical
1020 Kifer Road
Sunnyvale, CA 94086</address>
      <phone>+1-408-523-1045</phone>
      <fax />
      <email>sundeep.master@intusurg.com</email>
      <country>United States of America</country>
      <type>Scientific Queries</type>
    </contact>
    <contact>
      <title>Mr</title>
      <name>Sundeep Master</name>
      <address>1020 Kifer Road
Sunnyvale, CA 94086</address>
      <phone />
      <fax />
      <email>sundeep.master@intusurg.com</email>
      <country>United States of America</country>
      <type>Updating Information</type>
    </contact>
  </contacts>
</ANZCTR_Trial>