<?xml-stylesheet type='text/xsl' href='anzctrTransform.xsl'?>
<ANZCTR_Trial requestNumber="370525">
  <stage>Registered</stage>
  <submitdate>14/04/2016</submitdate>
  <approvaldate>18/04/2016</approvaldate>
  <actrnumber>ACTRN12616000498493</actrnumber>
  <trial_identification>
    <studytitle>Comparative assessment of the absorption of a generic formulation of imatinib tablet against the innovator imatinib tablet conducted under fed conditions in healthy male volunteers</studytitle>
    <scientifictitle>A single dose, randomized, blinded, bioequivalence study of a test formulation of imatinib tablet in a 2 way crossover comparison against the innovator imatinib tablet conducted under fed conditions in healthy male volunteers</scientifictitle>
    <utrn>U1111-1180-9405</utrn>
    <trialacronym />
    <secondaryid>None</secondaryid>
  </trial_identification>
  <conditions>
    <healthcondition>Leukaemia</healthcondition>
    <healthcondition>Blood disorders</healthcondition>
    <healthcondition>Cancer</healthcondition>
    <conditioncode>
      <conditioncode1>Cancer</conditioncode1>
      <conditioncode2>Leukaemia - Chronic leukaemia</conditioncode2>
    </conditioncode>
    <conditioncode>
      <conditioncode1>Cancer</conditioncode1>
      <conditioncode2>Stomach</conditioncode2>
    </conditioncode>
  </conditions>
  <interventions>
    <interventions>Single dose, crossover study design whereby each participant receives the test formulation of imatinib (1 x 400 mg) on one occasion and the innovator formulation of imatinib (1 x 400 mg) on one occasion with each dose seperated by a two week washout period. The intervention for this trial is the test formulation of imatinib.

No water is allowed for 1 hour prior to dosing until 1 hour after dosing (except for the water consumed with the dose). 

Participants are required not to eat for 10 hours prior to receiving breakfast. Subjects will be provided with a standardised high fat breakfast which they must start eating 30 minutes prior to dosing. Subjects are required to fast for approximately 4 hours after receiving each dose. Bathroom visits will be supervised to ensure no unauthorised water or food intake and for personal safety. Participants will be confined at the Clinical Site for 10 hours prior to dosing to ensure compliance.

Standard meals will be consumed at the Clinical Site with no additional food intake allowed. Alcohol breath testing will be performed upon each participant reporting to the Clinical Site 10 hours prior to dosing.

Pre and post study laboratory tests will be completed to assess the health of participants along with HIV, Hepatitis and drugs of abuse testing. 

Each dose will be taken orally with 240 ml of water at ambient temperature. Medication must be swallowed whole and a mouth check will be conducted to ensure the medication has been taken as directed.</interventions>
    <comparator>Single dose, crossover study design whereby each participant receives the test formulation of imatinib (1 x 400 mg) on one occasion and the innovator formulation of imatinib (1 x 400 mg) on one occasion with each dose seperated by a two week washout period. The comparator/control for this trial is the innovator formulation of imatinib.</comparator>
    <control>Active</control>
    <interventioncode>Treatment: Drugs</interventioncode>
  </interventions>
  <outcomes>
    <primaryOutcome>
      <outcome>To compare the bioavailability of imatinib (as summarised by Cmax and AUC) for the formulation. All plasma samples will be assayed for imatinib using one fully validated LC/MS/MS method. Validation will be conducted to comply with EU and FDA guidelines.</outcome>
      <timepoint>0, 0.5, 1, 1.5, 2, 2.5, 3, 3.5, 4, 4.5, 5, 5.5, 6, 6.5, 7, 8, 10, 12, 16, 20, 24, 32, 48, 56 &amp; 72 hours post dosing.</timepoint>
    </primaryOutcome>
    <secondaryOutcome>
      <outcome>Time to maximum peak concentration (Tmax) will be determined by plasma sample analysis. Tmax will be the time where the maximum concentration occurred in the sample points.</outcome>
      <timepoint>0, 0.5, 1, 1.5, 2, 2.5, 3, 3.5, 4, 4.5, 5, 5.5, 6, 6.5, 7, 8, 10, 12, 16, 20, 24, 32, 48, 56 &amp; 72 hours post dosing.</timepoint>
    </secondaryOutcome>
  </outcomes>
  <eligibility>
    <inclusivecriteria>Healthy male
Aged between 18 and 55
Non-smoker
BMI between 18 and 30 inclusive
Normal, healthy individuals as determined by medical history, physical examination, ECG, blood pressure and laboratory tests
Able to provide written informed consent</inclusivecriteria>
    <inclusiveminage>18</inclusiveminage>
    <inclusiveminagetype>Years</inclusiveminagetype>
    <inclusivemaxage>55</inclusivemaxage>
    <inclusivemaxagetype>Years</inclusivemaxagetype>
    <inclusivegender>Males</inclusivegender>
    <healthyvolunteer>Yes</healthyvolunteer>
    <exclusivecriteria>Any history of recent recurrent attacks of bronchitis, asthma, migraine headaches
Concomitant drug therapy of any kind
Sensitivity to imatinib or any other similar class of medicines, or the excipients of imatinib
History of any conditions that might interfere with the absorption, distribution, metabolism or excretion of the drug
Smoker (anyone who has smoked in the last 6 months)
History of alcohol or drug abuse or dependency
Participation in a drug study within 60 days of the start of the study or donated blood in the 60 days preceding the study.
Volunteers for whom the Clinical Investigator believes, for any reason, that participation would not be an acceptable risk</exclusivecriteria>
  </eligibility>
  <trial_design>
    <studytype>Interventional</studytype>
    <purpose>Treatment</purpose>
    <allocation>Randomised controlled trial</allocation>
    <concealment>All formulations will be labelled as Formulation A and B. The identification of each treatment will only be known to the Managing Director and the Section Head - Trials and Regulatory Affairs. 

Each participant will be identified by a 3 digit screening number and a 2 digit subject number. The screening number will be issued once the participant has given written consent to participate in the study and the two digit subject number (randomisation number) after acceptance into the study</concealment>
    <sequence>Randomisation list will be prepared using a computer program for a balanced two-way crossover design.</sequence>
    <masking>Blinded (masking used)</masking>
    <assignment>Crossover</assignment>
    <designfeatures />
    <endpoint>Bio-equivalence</endpoint>
    <statisticalmethods />
    <masking1>True</masking1>
    <masking2>True</masking2>
    <masking3>True</masking3>
    <masking4>True</masking4>
    <patientregistry>False</patientregistry>
    <followup />
    <followuptype />
    <purposeobs />
    <duration />
    <selection />
    <timing />
  </trial_design>
  <recruitment>
    <phase>Phase 1</phase>
    <anticipatedstartdate>26/04/2016</anticipatedstartdate>
    <actualstartdate>17/05/2016</actualstartdate>
    <anticipatedenddate />
    <actualenddate>16/06/2016</actualenddate>
    <samplesize>24</samplesize>
    <actualsamplesize>24</actualsamplesize>
    <recruitmentstatus>Completed</recruitmentstatus>
    <anticipatedlastvisitdate />
    <actuallastvisitdate>12/07/2016</actuallastvisitdate>
    <dataanalysis />
    <withdrawnreason />
    <withdrawnreasonother />
    <recruitmentcountry>,Outside</recruitmentcountry>
    <recruitmentstate />
    <countryoutsideaustralia>
      <country>New Zealand</country>
      <state>Otago</state>
    </countryoutsideaustralia>
  </recruitment>
  <sponsorship>
    <primarysponsortype>Commercial sector/Industry</primarysponsortype>
    <primarysponsorname>Zenith Technology Corp Ltd</primarysponsorname>
    <primarysponsoraddress>156 Frederick St
Dunedin 9016</primarysponsoraddress>
    <primarysponsorcountry>New Zealand</primarysponsorcountry>
    <fundingsource>
      <fundingtype>Commercial sector/Industry</fundingtype>
      <fundingname>Natco Pharma Australia Pty Ltd</fundingname>
      <fundingaddress>Level 1
313 Burwood Road
Hawthorn VIC 3122</fundingaddress>
      <fundingcountry>Australia</fundingcountry>
    </fundingsource>
    <secondarysponsor>
      <sponsortype>None</sponsortype>
      <sponsorname />
      <sponsoraddress />
      <sponsorcountry />
    </secondarysponsor>
  </sponsorship>
  <ethicsAndSummary>
    <summary>The objective of this study is to evaluate the bioequivalence of the test (new) formulation of 1 x 400 mg imatinib tablet against the reference formulation (innovator brand of 1 x 400 mg imatinib tablet) following oral administration of a single dose of 400 mg in healthy male subjects under fed conditions.</summary>
    <trialwebsite />
    <publication>No presentations or citations available. Final CSR provided to Sponsor Company for Registration Purposes</publication>
    <ethicsreview>Approved</ethicsreview>
    <publicnotes />
    <ethicscommitee>
      <ethicname>Northern B Health and Disability Ethics Committee</ethicname>
      <ethicaddress>Ministry of Health
Freyberg Building
20 Aitken Street
PO Box 5013
Wellington 6011</ethicaddress>
      <ethicapprovaldate>5/04/2016</ethicapprovaldate>
      <hrec>16/NTB/60</hrec>
      <ethicsubmitdate>22/03/2016</ethicsubmitdate>
      <ethiccountry>New Zealand</ethiccountry>
    </ethicscommitee>
  </ethicsAndSummary>
  <attachment />
  <contacts>
    <contact>
      <title>Dr</title>
      <name>Noelyn Hung</name>
      <address>Zenith Technology Corporation Limited
156 Frederick Street (PO Box 1777)
Dunedin 9016</address>
      <phone>+6434779669</phone>
      <fax>+6434779605</fax>
      <email>noelyn.hung@otago.ac.nz</email>
      <country>New Zealand</country>
      <type>Principal Investigator</type>
    </contact>
    <contact>
      <title>Mrs</title>
      <name>Linda Folland</name>
      <address>Zenith Technology Corporation Limited
156 Frederick Street (PO Box 1777)
Dunedin 9016</address>
      <phone>+6434779669</phone>
      <fax>+6434779605</fax>
      <email>linda.folland@zenithtechnology.co.nz</email>
      <country>New Zealand</country>
      <type>Public Queries</type>
    </contact>
    <contact>
      <title>Dr</title>
      <name>Tak Hung</name>
      <address>Zenith Technology Corporation Limited
156 Frederick Street (PO Box 1777)
Dunedin 9016</address>
      <phone>+6434779669</phone>
      <fax>+6434779605</fax>
      <email>tak.hung@zenithtechnology.co.nz</email>
      <country>New Zealand</country>
      <type>Scientific Queries</type>
    </contact>
    <contact>
      <title />
      <name />
      <address />
      <phone />
      <fax />
      <email />
      <country />
      <type>Updating Information</type>
    </contact>
  </contacts>
</ANZCTR_Trial>