<?xml-stylesheet type='text/xsl' href='anzctrTransform.xsl'?>
<ANZCTR_Trial requestNumber="368173">
  <stage>Registered</stage>
  <submitdate>13/03/2015</submitdate>
  <approvaldate>27/04/2015</approvaldate>
  <actrnumber>ACTRN12615000381583</actrnumber>
  <trial_identification>
    <studytitle>Circulating tumour DNA (ctDNA) analysis informing adjuvant chemotherapy in Stage II Colon Cancer</studytitle>
    <scientifictitle>A study to evaluate the use of circulating tumour DNA to guide adjuvant chemotherapy on recurrence-free survival in patients with stage II Colon or rectal cancer.</scientifictitle>
    <utrn />
    <trialacronym>DYNAMIC</trialacronym>
    <secondaryid>Nil</secondaryid>
  </trial_identification>
  <conditions>
    <healthcondition>Patients with the diagnosis of Stage II Colon cancer.</healthcondition>
    <healthcondition>Patients with the diagnosis of stage II rectal cancer</healthcondition>
    <conditioncode>
      <conditioncode1>Cancer</conditioncode1>
      <conditioncode2>Bowel - Back passage (rectum) or large bowel (colon)</conditioncode2>
    </conditioncode>
  </conditions>
  <interventions>
    <interventions>This is a randomized, multi-centre, biomarker driven adjuvant treatment study involving the collection of blood samples from subjects with curatively resected Stage II colon and rectal cancer. 450 consecutive eligible subjects will be enrolled at participating centres after informed consent is obtained. Patients will be enrolled within 28 days post surgery. Subjects will be randomized 2:1 to be treated according to the ctDNA results (Arm A, n=300), or per standard clinical criteria at the discretion of the treating clinician (Arm B, n=150). Resected tumour samples will be made available for mutation analyses. Patients must not have undergone pre-operative chemotherapy or radiotherapy.
All patients enrolled will have a blood sample taken at enrollment (week 4) and 3 weeks later (week 7) for initial ctDNA testing.
Patients randomized to Arm A and who have positive ctDNA result will receive adjuvant chemotherapy, patients with negative ctDNA result will not receive chemotherapy. 
Patients randomized to Arm B will be treated at their clinicians discretion. The clinician will initially be blinded to their ctDNA result but results will be provided at or after 6 months post-op following a written request from the site investigator.
Patients treated with chemotherapy will receive single agent 5FU-based regimen (including capecitabine) or fluoropyrimidine plus oxaliplatin . Acceptable regimen include:
Acceptable 5FU-based chemotherapy regimens include 24 weeks of:
1. 2 weekly De Gramont (modified)
a.	Leucovorin 50mg IV
b.	Fluorouracil 400mg/m2 IV
c.	Fluorouracil 2400mg/m2 CIV pump over 46 hours
2. Weekly modified QUASAR
a.	Leucovorin 50mg IV
b.	Fluorouracil 375-450mg/m2 IV (dose as per institutional standard of care)
3. Weekly modified Roswell Park (weekly for 6 weeks followed by 2 week break)
a.	Leucovorin 50mg IV
b.	Fluorouracil 500mg/m2 IV
4. Capecitabine orally on days 1 to 14 of a 21-day cycle (dose as per institutional standard of care)

Acceptable Oxaliplatin-based chemotherapy regimens include 24 weeks of:
1. 2 weekly FOLFOX6 (modified)
a. Oxaliplatin 85mg/m2 IV
b. Leucovorin 50mg IV
c. Fluorouracil 400mg/m2 IV
d. Fluorouracil 2400mg/m2 CIV pump over 46 hours
2. 3 weekly XELOX/CAPOX
a. Oxaliplatin 130mg/m2
b. Capecitabine 1000mg/m2 twice a day PO days 1 to 14, Q21 days

For patients in Arm A receiving chemotherapy monthly blood samples will be taken to track ctDNA levels. 
Patients in Arm B will have no further blood sampling
Patients in all groups will be followed up by data collection for recurrence and overall survival.</interventions>
    <comparator>Patients enrolled in Arm B will be blinded to the ctDNA result and will be treated as per standard clinical criteria at the discretion of the treating clinician.</comparator>
    <control>Active</control>
    <interventioncode>Early detection / Screening</interventioncode>
    <interventioncode>Treatment: Other</interventioncode>
  </interventions>
  <outcomes>
    <primaryOutcome>
      <outcome>To evaluate whether an adjuvant therapy strategy based on ctDNA results may affect the number of patients treated with chemotherapy and recurrence-free survival.
Recurrence will be assessed through protocol specified follow up regimen, including 3 monthly CEA tests and 6 monthly CT scans.</outcome>
      <timepoint>Patients from all Arms will be followed up every 3 months for the first 2 years and then every 6 months for the next 3 years post surgery for recurrence.</timepoint>
    </primaryOutcome>
    <secondaryOutcome>
      <outcome>To evaluate whether an adjuvant therapy strategy based on ctDNA results may affect overall survival in patients with stage II colorectal cancer</outcome>
      <timepoint>Patients from all Arms will be followed up every 3 months for the first 2 years and then every 6 months for the next 3 years post surgery for survival.</timepoint>
    </secondaryOutcome>
    <secondaryOutcome>
      <outcome>To correlate the change of serial ctDNA measurements during treatment with disease recurrence.</outcome>
      <timepoint>Patients in Arm A receiving chemotherapy will have monthly blood tests to measure their ctDNA levels, and be followed up every 3 months for the first 2 years and then every 6 months for the next 3 years post surgery for recurrence.</timepoint>
    </secondaryOutcome>
  </outcomes>
  <eligibility>
    <inclusivecriteria>1. Subjects with curatively resected stage II (T3-4, N0M0) colon or rectal cancer.
2. Patients with rectal cancer will be eligible unless they have had pre-operative combined chemotherapy or radiotherapy, or are scheduled for post-operative combined chemotherapy and radiotherapy. All rectal cancer patients included in the trial must have had TME type surgery with negative (R0) resection margins.
3. A representative paraffin embedded tumour sample is avaiable for molecular testing.
4. Fit for adjuvant chemotherapy.
5. ECOG performance status 0-2.
6. Patients that are accessible for follow up.
7. CT C/A/P within 8 weeks demonstrating no metastatic disease.</inclusivecriteria>
    <inclusiveminage>18</inclusiveminage>
    <inclusiveminagetype>Years</inclusiveminagetype>
    <inclusivemaxage />
    <inclusivemaxagetype>No limit</inclusivemaxagetype>
    <inclusivegender>Both males and females</inclusivegender>
    <healthyvolunteer>No</healthyvolunteer>
    <exclusivecriteria>1. History of another primary cancer within the last 3 years, with the exception of non-melanomatous skin cancer and carcinoma in situ of the cervix.
2. Patients with multiple primary colorectal cancers
3. Patients treated with neoadjuvant chemo-radiation.
4. Medical or psychiatric condition or occupational responsibilities that may preclude compliance with the protocol.</exclusivecriteria>
  </eligibility>
  <trial_design>
    <studytype>Interventional</studytype>
    <purpose>Treatment</purpose>
    <allocation>Randomised controlled trial</allocation>
    <concealment>Allocation involves contacting the Sponsor Site who holds the randomized allocation table.</concealment>
    <sequence>Simple randomization using a randomisation table created by statistical software.</sequence>
    <masking>Open (masking not used)</masking>
    <assignment>Parallel</assignment>
    <designfeatures />
    <endpoint>Efficacy</endpoint>
    <statisticalmethods>It is anticipated that 10% of patients will have detectable ctDNA. The study will need to enrol 450 patients to recruit 30 patients with detectable post op ctDNA into Arm A.  This will achieve an 80% power at a=0.1 to demonstrate non-inferiority in Arm A.</statisticalmethods>
    <masking1 />
    <masking2 />
    <masking3 />
    <masking4 />
    <patientregistry>False</patientregistry>
    <followup />
    <followuptype />
    <purposeobs />
    <duration />
    <selection />
    <timing />
  </trial_design>
  <recruitment>
    <phase>Not Applicable</phase>
    <anticipatedstartdate>1/05/2015</anticipatedstartdate>
    <actualstartdate>10/08/2015</actualstartdate>
    <anticipatedenddate>1/01/2020</anticipatedenddate>
    <actualenddate />
    <samplesize>450</samplesize>
    <actualsamplesize />
    <currentsamplesize>122</currentsamplesize>
    <recruitmentstatus>Recruiting</recruitmentstatus>
    <anticipatedlastvisitdate />
    <actuallastvisitdate />
    <dataanalysis />
    <withdrawnreason />
    <withdrawnreasonother />
    <recruitmentcountry>Australia</recruitmentcountry>
    <recruitmentstate>ACT,NSW,QLD,SA,TAS,WA,VIC</recruitmentstate>
    <hospital>Royal Melbourne Hospital - City campus - Parkville</hospital>
    <hospital>Western Hospital - Footscray</hospital>
    <hospital>The Alfred - Prahran </hospital>
    <hospital>Austin Health - Austin Hospital - Heidelberg</hospital>
    <hospital>Barwon Health - Geelong Hospital campus - Geelong</hospital>
    <hospital>Bendigo Health Care Group - Bendigo Hospital - Bendigo</hospital>
    <hospital>Border Medical Oncology - Wodonga</hospital>
    <hospital>Cabrini Hospital - Malvern - Malvern</hospital>
    <hospital>The Canberra Hospital - Garran</hospital>
    <hospital>Box Hill Hospital - Box Hill</hospital>
    <hospital>Fiona Stanley Hospital - Murdoch</hospital>
    <hospital>Flinders Medical Centre - Bedford Park</hospital>
    <hospital>The Chris O’Brien Lifehouse - Camperdown</hospital>
    <hospital>Monash Medical Centre - Clayton campus - Clayton</hospital>
    <hospital>Nepean Hospital - Kingswood</hospital>
    <hospital>Royal Brisbane &amp; Womens Hospital - Herston</hospital>
    <hospital>Royal Hobart Hospital - Hobart</hospital>
    <hospital>St John of God Hospital Warrnambool - Warrnambool</hospital>
    <hospital>St Vincent's Hospital (Melbourne) Ltd - Fitzroy</hospital>
    <hospital>Calvary Mater Newcastle - Waratah</hospital>
    <hospital>Newcastle Private Hospital - New Lambton Heights</hospital>
    <postcode>3050 - Parkville</postcode>
    <postcode>5022 - Henley Beach</postcode>
    <postcode>3004 - Prahran </postcode>
    <postcode>3084 - Heidelberg</postcode>
    <postcode>3220 - Geelong</postcode>
    <postcode>3550 - Bendigo</postcode>
    <postcode>3690 - Wodonga</postcode>
    <postcode>3144 - Malvern</postcode>
    <postcode>2605 - Garran</postcode>
    <postcode>3128 - Box Hill</postcode>
    <postcode>6150 - Murdoch</postcode>
    <postcode>5042 - Bedford Park</postcode>
    <postcode>2050 - Camperdown</postcode>
    <postcode>3168 - Clayton</postcode>
    <postcode>2747 - Kingswood</postcode>
    <postcode>4029 - Herston</postcode>
    <postcode>7000 - Hobart</postcode>
    <postcode>3280 - Warrnambool</postcode>
    <postcode>3065 - Fitzroy</postcode>
    <postcode>2298 - Waratah</postcode>
    <postcode>2305 - New Lambton Heights</postcode>
  </recruitment>
  <sponsorship>
    <primarysponsortype>Other Collaborative groups</primarysponsortype>
    <primarysponsorname>Walter and Eliza Hall Institute</primarysponsorname>
    <primarysponsoraddress>1G Royal Pde
Parkville 
Vic 3052</primarysponsoraddress>
    <primarysponsorcountry>Australia</primarysponsorcountry>
    <fundingsource>
      <fundingtype>Government body</fundingtype>
      <fundingname>NHMRC</fundingname>
      <fundingaddress>National Health and Medical Research Council
GPO Box 1421
Canberra ACT 2601</fundingaddress>
      <fundingcountry>Australia</fundingcountry>
    </fundingsource>
    <secondarysponsor>
      <sponsortype>None</sponsortype>
      <sponsorname />
      <sponsoraddress />
      <sponsorcountry />
    </secondarysponsor>
  </sponsorship>
  <ethicsAndSummary>
    <summary>This study will determine the effect of the use of circulating tumour DNA (ctDNA) to guide adjuvant chemotherapy on recurrence-free survival in stage II colon or rectal cancer patients

Who is it for?
You may be eligible to join this study if you are aged 18 years or above, and have been diagnosed with Stage II colon or rectal cancer and have had your cancer curatively resected. 

Study details
Participants in this study are randomly allocated (by chance) to one of two groups. Participants in one group will have blood samples taken and analysed for circulating tumour DNA (ctDNA) and be treated according to the ctDNA results. Those with positive ctDNA results will receive standard 5FU-based adjuvant chemotherapy (either single agent or combined with oxaliplatin), while those with negative ctDNA will not receive adjuvant chemotherapy. 
Participants in the other group will have a blood sample taken, but the ctDNA result will not be disclosed. Patients in this group will be treated according to standard clinical criteria at the discretion of the treating physician.
Participants who had positive ctDNA results and are being treated with adjuvant chemotherapy will have monthly blood samples taken during treatment to track ctDNA levels. All participants will be followed up 3 monthly for 2 years, then 6 monthly for 3 years through their hospital for a total of five years for disease recurrence and survival.</summary>
    <trialwebsite />
    <publication />
    <ethicsreview>Approved</ethicsreview>
    <publicnotes />
    <ethicscommitee>
      <ethicname>Melbourne Health HREC</ethicname>
      <ethicaddress>Post Office
Royal Melbourne Hospital
Parkville Victoria 3050</ethicaddress>
      <ethicapprovaldate>11/02/2015</ethicapprovaldate>
      <hrec>HREC/14/MH/355</hrec>
      <ethicsubmitdate>26/11/2014</ethicsubmitdate>
      <ethiccountry>Australia</ethiccountry>
    </ethicscommitee>
  </ethicsAndSummary>
  <attachment />
  <contacts>
    <contact>
      <title>Dr</title>
      <name>Jeanne Tie</name>
      <address>Royal Melbourne Hospital
Grattan Street
Parkville VIC 3050</address>
      <phone>+61 3 9342 7695</phone>
      <fax />
      <email>jeanne.tie@mh.org.au</email>
      <country>Australia</country>
      <type>Principal Investigator</type>
    </contact>
    <contact>
      <title>Mr</title>
      <name>Matthew Chapman</name>
      <address>Walter and Eliza Hall Institute
1G Royal Parade
Parkville VIC 3052</address>
      <phone>+61 3 9345 2828</phone>
      <fax />
      <email>matthew.chapman@mh.org.au</email>
      <country>Australia</country>
      <type>Public Queries</type>
    </contact>
    <contact>
      <title>Dr</title>
      <name>Jeanne Tie</name>
      <address>Royal Melbourne Hospital
Grattan Street
Parkville VIC 3050</address>
      <phone>+61 3 9342 7695</phone>
      <fax />
      <email>jeanne.tie@mh.org.au</email>
      <country>Australia</country>
      <type>Scientific Queries</type>
    </contact>
    <contact>
      <title>Mr</title>
      <name>Matthew Chapman</name>
      <address>Walter and Eliza Hall Institute
1G Royal Parade
Parkville VIC 3052</address>
      <phone>+61 3 9345 2828</phone>
      <fax />
      <email>matthew.chapman@mh.org.au</email>
      <country>Australia</country>
      <type>Updating Information</type>
    </contact>
  </contacts>
</ANZCTR_Trial>