<?xml-stylesheet type='text/xsl' href='anzctrTransform.xsl'?>
<ANZCTR_Trial requestNumber="366821">
  <stage>Registered</stage>
  <submitdate>31/07/2014</submitdate>
  <approvaldate>11/08/2014</approvaldate>
  <actrnumber>ACTRN12614000858695</actrnumber>
  <trial_identification>
    <studytitle>A single arm, prospective Phase II study of Split-Course Pelvic
Radiotherapy for Locally Progressive, Castrate Resistant Prostate Cancer</studytitle>
    <scientifictitle>A single arm, prospective Phase II study to evaluate the effect of Split-Course Pelvic Radiotherapy on bladder and bowel health related quality of life in patients with locally progressive, castrate resistant prostate cancer.</scientifictitle>
    <utrn />
    <trialacronym />
    <secondaryid>None</secondaryid>
  </trial_identification>
  <conditions>
    <healthcondition>Castrate Resistant Prostate Cancer</healthcondition>
    <conditioncode>
      <conditioncode1>Cancer</conditioncode1>
      <conditioncode2>Prostate</conditioncode2>
    </conditioncode>
  </conditions>
  <interventions>
    <interventions>Split-course pelvic radiotherapy will consist of a dose of 55Gy in 22 fractions. This dose will be prescribed as a course of 25Gy in 10 fractions given over 2 weeks, followed by a planned 1 week treatment break, followed by a further 30Gy in 12 fractions given over 2 1/2 weeks.</interventions>
    <comparator>No Control Group</comparator>
    <control>Uncontrolled</control>
    <interventioncode>Treatment: Other</interventioncode>
  </interventions>
  <outcomes>
    <primaryOutcome>
      <outcome>The primary objective of the trial is to test the hypothesis that split-course hypo-fractionated pelvic radiotherapy improves bladder health related quality of life in patients with local symptoms associated with castrate resistant prostate cancer (CRPC).  

Outcome will be assessed using the EPIC Urinary Assessment</outcome>
      <timepoint>6 months</timepoint>
    </primaryOutcome>
    <primaryOutcome>
      <outcome>The co-primary objective of the trial is to test the hypothesis that split-course hypo-fractionated pelvic radiotherapy improves bowel health related quality of life in patients with local symptoms associated with castrate resistant prostate cancer (CRPC).

Outcome will be assessed using the EPIC Bowel Assessment</outcome>
      <timepoint>6 months</timepoint>
    </primaryOutcome>
    <secondaryOutcome>
      <outcome>To test the hypothesis that split-course hypo-fractionated pelvic radiotherapy is associated with low rates of acute and late toxicity using NCI CTCAE Version 4</outcome>
      <timepoint>6 months and 3 years respectively</timepoint>
    </secondaryOutcome>
    <secondaryOutcome>
      <outcome>To test the hypothesis that split-course hypo-fractionated pelvic radiotherapy provides effective palliation of local symptoms associated with CRPC using the EPIC Urinary and Bowel Assessments</outcome>
      <timepoint>6 months</timepoint>
    </secondaryOutcome>
    <secondaryOutcome>
      <outcome>To determine usefulness of radiotherapy in allowing freedom from indwelling catheters or ureteric stents, preventing the need for trans-urethral resections of the prostate, bladder irrigations or blood transfusions.  This will be an observational assessment using patient history to report the rates of the abovementioned interventions.</outcome>
      <timepoint>3 years</timepoint>
    </secondaryOutcome>
    <secondaryOutcome>
      <outcome>To determine overall survival in this patient population</outcome>
      <timepoint>3 years</timepoint>
    </secondaryOutcome>
  </outcomes>
  <eligibility>
    <inclusivecriteria> Aged 18 years or older
 
Has provided written Informed Consent for participation in this trial

Histological or cytologically confirmed prostate cancer or where diagnosis made on clinical factors, a PSA &gt;100ug/L at diagnosis

Castrate resistant disease, as defined by a rising PSA despite castrate levels of testosterone &lt;0.5 ug/L

Patient has symptoms attributable to local disease progression OR is asymptomatic with T3 or T4 disease but and felt to be at risk of symptomatic local progression (these patients to be included in analysis of secondary endpoints 1, 3 and 4)

An ECOG performance status score of 2 or less
 
Life expectancy at least 6 months
 
Available for follow up at least via a phone interview.
 
Radiotherapy can commence within 6 weeks of trial registration.
 
Is able to complete QOL assessments</inclusivecriteria>
    <inclusiveminage>18</inclusiveminage>
    <inclusiveminagetype>Years</inclusiveminagetype>
    <inclusivemaxage>0</inclusivemaxage>
    <inclusivemaxagetype>No limit</inclusivemaxagetype>
    <inclusivegender>Males</inclusivegender>
    <healthyvolunteer>No</healthyvolunteer>
    <exclusivecriteria>Previous radiotherapy to the pelvis
 
Bilateral hip replacement surgery
 
Cytotoxic chemotherapy within 4 weeks of the proposed start date for radiotherapy

Prior diagnosis of cancer within 5 years of current diagnosis with the exception of successfully treated non-melanoma skin cancer</exclusivecriteria>
  </eligibility>
  <trial_design>
    <studytype>Interventional</studytype>
    <purpose>Treatment</purpose>
    <allocation>Non-randomised trial</allocation>
    <concealment>The Investigator should ensure that all of the following requirements are met prior to patient enrolment:
a) The patient meets all inclusion criteria and none of the exclusion criteria apply.
b) The patient has signed and dated all applicable consent forms.
c) All baseline assessments and investigations have been performed and recorded in the patients’ medical records (i.e. source documents).
d) The registration and eligibility Case Report Form(s) (CRF) has been completed, signed and dated by the Investigator</concealment>
    <sequence />
    <masking>Open (masking not used)</masking>
    <assignment>Single group</assignment>
    <designfeatures />
    <endpoint>Efficacy</endpoint>
    <statisticalmethods>There is limited literature on how best to manage this group of patients.  Due to the relative rarity of this clinical scenario, the study investigators felt that 20 evaluable patients was sufficient to provide some prospective experience and data which will lead towards investigating the safety and tolerability of the regime.  This it hoped that this experience will lead to a larger multi-centric study across Australia and New Zealand.

Baseline characteristics will be summarised in frequency tables and by the use of descriptive statistics for quantitative variables (CTCv4.0). The type I error rate is set (alpha=0.05) with 2-sided testing of p-values. The ChiSquared test with Yates correction and students t-test will be used for this purpose.

Time-to-event curves for acute and late toxicity, and overall survival will be constructed using the Kaplan-Meier method with the log-rank test used to determine the magnitude of differences.

The primary endpoints will be assessed using a validated quality of life tool EPIC (Expanded Prostate Cancer Index) considering bowel &amp; bladder domains only. A change in mean score by over 1/2 a standard deviation is considered clinically significant, called the minimum reported difference. The number of patients who achieve the minimum important difference will be presented as a percentage of total number of patients.

Cox proportional hazard models will be used to determine independent significant prognostic factors effecting disease extent.</statisticalmethods>
    <masking1 />
    <masking2 />
    <masking3 />
    <masking4 />
    <patientregistry>False</patientregistry>
    <followup />
    <followuptype />
    <purposeobs />
    <duration />
    <selection />
    <timing />
  </trial_design>
  <recruitment>
    <phase>Phase 2</phase>
    <anticipatedstartdate>1/10/2014</anticipatedstartdate>
    <actualstartdate />
    <anticipatedenddate />
    <actualenddate />
    <samplesize>20</samplesize>
    <actualsamplesize />
    <recruitmentstatus>Not yet recruiting</recruitmentstatus>
    <recruitmentcountry>Australia</recruitmentcountry>
    <recruitmentstate>QLD</recruitmentstate>
    <hospital>Princess Alexandra Hospital - Woolloongabba</hospital>
    <hospital>Royal Brisbane &amp; Womens Hospital - Herston</hospital>
    <postcode>4101 - South Brisbane</postcode>
    <postcode>4102 - Woolloongabba</postcode>
    <postcode>4029 - Royal Brisbane Hospital</postcode>
  </recruitment>
  <sponsorship>
    <primarysponsortype>Hospital</primarysponsortype>
    <primarysponsorname>Radiation Oncology Services - Mater Centre</primarysponsorname>
    <primarysponsoraddress>31 Raymond Terrace
South Brisbane Qld 4101</primarysponsoraddress>
    <primarysponsorcountry>Australia</primarysponsorcountry>
    <fundingsource>
      <fundingtype>Hospital</fundingtype>
      <fundingname>Radiation Oncology Services - Mater</fundingname>
      <fundingaddress>31 Raymond Terrace 
South Brisbane QLD 4101</fundingaddress>
      <fundingcountry>Australia</fundingcountry>
    </fundingsource>
    <fundingsource>
      <fundingtype>Other</fundingtype>
      <fundingname>Royal Australia and New Zealand College of Radiologists</fundingname>
      <fundingaddress>Level 9, 51 Druitt Street, Sydney NSW 2000</fundingaddress>
      <fundingcountry>Australia</fundingcountry>
    </fundingsource>
    <secondarysponsor>
      <sponsortype>None</sponsortype>
      <sponsorname />
      <sponsoraddress />
      <sponsorcountry />
    </secondarysponsor>
  </sponsorship>
  <ethicsAndSummary>
    <summary>This study aims to prospectively evaluate the palliative benefit of a split course of pelvic radiotherapy in patients with prostate cancer whose disease is no longer responding to hormone therapy.  

Who is it for? 
You may be eligible to join this study if you are a male aged 18 years or above who has been diagnosed with castrate resistant prostate cancer, and are able to commence radiotherapy within 6 weeks of trial registration. 

Study details 
All participants in this study will undergo split-course pelvic radiotherapy, which consists of 10 treatment sessions over 2 weeks, followed by a planned 1 week treatment break, followed by a further 12 treatment sessions administered over 2.5 weeks. 

Participants will be asked to complete a questionnaire at 6 months post treatment to assess bowel and bladder related quality of life. They will also be monitored for up to 3 years in order to evaluate acute and late side effects of treatment, local symptom response rate, rates of catheter removal, blood transfusions, trans-urethral prostate resections, and overall survival.</summary>
    <trialwebsite />
    <publication />
    <ethicsreview>Not yet submitted</ethicsreview>
    <publicnotes />
    <ethicscommitee>
      <ethicname>Metro South HREC and Governance Office</ethicname>
      <ethicaddress>Centres for Health Research
Level 7
Translational Research Institute
37 Kent Street
Woolloongabba Qld 4102</ethicaddress>
      <ethicapprovaldate />
      <hrec>HREC/14/QPAH/421</hrec>
      <ethicsubmitdate>2/09/2014</ethicsubmitdate>
      <ethiccountry>Australia</ethiccountry>
    </ethicscommitee>
  </ethicsAndSummary>
  <attachment />
  <contacts>
    <contact>
      <title>Dr</title>
      <name>Kumar Gogna</name>
      <address>Radiation Oncology Services - Mater Centre
31 Raymond Terrace
South Brisbane Qld 4101</address>
      <phone>+61 7 3840 3255</phone>
      <fax />
      <email>kumar.gogna@health.qld.gov.au</email>
      <country>Australia</country>
      <type>Principal Investigator</type>
    </contact>
    <contact>
      <title>Ms</title>
      <name>Adrienne See</name>
      <address>Radiation Oncology Services - Mater
31 Raymond Terrace
South Brisbane Qld 4101</address>
      <phone>+61 7 3840 3281</phone>
      <fax />
      <email>adrienne.see@health.qld.gov.au</email>
      <country>Australia</country>
      <type>Public Queries</type>
    </contact>
    <contact>
      <title>Dr</title>
      <name>Kumar Gogna</name>
      <address>Radiation Oncology Services - Mater
31 Raymond Terrace
South Brisbane Qld 4101</address>
      <phone>+61 7 3840 3255</phone>
      <fax />
      <email>kumar.gogna@health.qld.gov.au</email>
      <country>Australia</country>
      <type>Scientific Queries</type>
    </contact>
    <contact>
      <title>Ms</title>
      <name>Adrienne See</name>
      <address>Radiation Oncology Services - Mater
31 Raymond Terrace
South Brisbane Qld 4101</address>
      <phone>+61 7 3840 3281</phone>
      <fax />
      <email>adrienne.see@health.qld.gov.au</email>
      <country>Australia</country>
      <type>Updating Information</type>
    </contact>
  </contacts>
</ANZCTR_Trial>