<?xml-stylesheet type='text/xsl' href='anzctrTransform.xsl'?>
<ANZCTR_Trial requestNumber="368027">
  <stage>Registered</stage>
  <submitdate>16/03/2015</submitdate>
  <approvaldate>10/04/2015</approvaldate>
  <actrnumber>ACTRN12615000330549</actrnumber>
  <trial_identification>
    <studytitle>Stereotactic Hypofractionated body radiosurgery for Oligometastatic Renal cell Tumours upfront, with Systemic Targeted agents On Progression </studytitle>
    <scientifictitle>Effectiveness of Stereotactic Hypofractionated body radiosurgery for Oligometastatic Renal cell Tumours upfront, with Systemic Targeted agents On Progression </scientifictitle>
    <utrn>U1111-1167-4273 </utrn>
    <trialacronym>SHORTSTOP</trialacronym>
    <secondaryid>Nil Known</secondaryid>
  </trial_identification>
  <conditions>
    <healthcondition>Oligometastatic Renal Cell Cancer</healthcondition>
    <conditioncode>
      <conditioncode1>Cancer</conditioncode1>
      <conditioncode2>Kidney</conditioncode2>
    </conditioncode>
    <conditioncode>
      <conditioncode1>Renal and Urogenital</conditioncode1>
      <conditioncode2>Other renal and urogenital disorders</conditioncode2>
    </conditioncode>
  </conditions>
  <interventions>
    <interventions>Stereotactic hypofractionated body radiosurgery (SABR).
Stereotactic ablative body radiotherapy (SABR) is a new form of cancer treatment involving high precision radiotherapy and uses a dose of radiation delivered in 1-3 treatments that is much higher than standard radiotherapy dosages. The recommended dose fractionation for this study is site-specific, and ranges from 18Gy/1Fx to 45Gy/3Fx. The total dose of radiation may be 5-10 times higher than standard radiotherapy doses. Generally, SABR treatment is given in a single 60 minute session, however, if more than one session of SABR treatment is required, this will be done on non-consecutive days within 14 days.</interventions>
    <comparator>Nil</comparator>
    <control>Uncontrolled</control>
    <interventioncode>Treatment: Devices</interventioncode>
  </interventions>
  <outcomes>
    <primaryOutcome>
      <outcome>Local progression free survival (LPFS) at 1 year of patients receiving SABR.</outcome>
      <timepoint>2 year after completion of accrual. LPFS will be assessed by a combination of RECIST Criteria definitions taken using CT scans in participant's medical records. CT scans will be performed at baseline and then every 3 months during follow-up for each participant for up to 1 years.</timepoint>
    </primaryOutcome>
    <secondaryOutcome>
      <outcome>Time to commencement of systemic agents or switching of systemic agents due to progression after SABR delivery.</outcome>
      <timepoint>2 years after completion of accrual, using information in participant's medical records.</timepoint>
    </secondaryOutcome>
    <secondaryOutcome>
      <outcome>Acute (within 3 months of start of SABR) and late (after 3 months but within 1 year of start of SABR) toxicities due to treatment using CTCAE V4.0. </outcome>
      <timepoint>5 years after completion of accrual. This outcome will be assessed within 3 months of start of SABR for acute toxicities and after 3 months but within 1 year of start of SABR for late toxicities.</timepoint>
    </secondaryOutcome>
    <secondaryOutcome>
      <outcome>Quality of life before and after SABR as assessed using the EORTC QLQ-C30.</outcome>
      <timepoint>2 years after completion of accural. Quality of life assessments will be performed at baseline, 1 month after SABR, and then three monthly during follow-up until 2 years after commencement of SABR for each participant.</timepoint>
    </secondaryOutcome>
    <secondaryOutcome>
      <outcome>Time to distant failure measured from the date of SABR treatment, defined as disease progression in any site not previously documented and measured from the date of SABR treatment to the date of first distant failure. Patients that died without documented distant failure will be censured.</outcome>
      <timepoint>2 years after completion of accrual.
</timepoint>
    </secondaryOutcome>
    <secondaryOutcome>
      <outcome>Overall survival, defined as death from any cause measured from the date of SABR treatment to the date of death.</outcome>
      <timepoint>2 years after completion of accrual. </timepoint>
    </secondaryOutcome>
  </outcomes>
  <eligibility>
    <inclusivecriteria>- Aged 18 years or older
- Histological or cytologically confirmed renal cell carcinoma
- Bone Scan or CT Scan evidence of 1 to 3 extracranial metastases in patients with no prior systemic targeted therapy 
-Bone Scan or CT Scan evidence of 4 to 6 extracranial metastases in patients currently on systemic targeted therapy AND no more than 1 to 3 progressing metastases 
- An ECOG performance status score of 2 or less
- Life expectancy greater than 9 months
- Available for follow up </inclusivecriteria>
    <inclusiveminage>18</inclusiveminage>
    <inclusiveminagetype>Years</inclusiveminagetype>
    <inclusivemaxage />
    <inclusivemaxagetype>No limit</inclusivemaxagetype>
    <inclusivegender>Both males and females</inclusivegender>
    <healthyvolunteer>No</healthyvolunteer>
    <exclusivecriteria>- Previous high dose radiotherapy (BED &gt; 20Gy) to the area to be treated
- Intracranial metastases not controlled by previous surgery or stereotactic radiotherapy 
- Chemotherapy within +/- 3 weeks of SABR
- Systemic targeted agents within +/-  7 days of SABR
- Evidence of Spinal Cord Compression
- Spinal Instability Neoplastic Score &gt;= 7 unless case has been reviewed by a neurosurgical service and considered stable
- Long bone Mirels score &gt;= 7 unless reviewed by an orthopaedic service and considered stable</exclusivecriteria>
  </eligibility>
  <trial_design>
    <studytype>Interventional</studytype>
    <purpose>Treatment</purpose>
    <allocation>Non-randomised trial</allocation>
    <concealment>The Investigator should ensure that all of the following requirements are met prior to patient enrolment:
1. The patient meets all inclusion criteria and none of the exclusion criteria apply.
2. The patient has signed and dated all applicable consent forms.
3. All baseline assessments and investigations have been performed and recorded in the patients’ medical records (i.e. source documents).
4. The registration and eligibility Case Report Form(s) (CRF) has been completed, signed and dated by the Investigator </concealment>
    <sequence>This is a single arm pilot study. </sequence>
    <masking>Open (masking not used)</masking>
    <assignment>Single group</assignment>
    <designfeatures />
    <endpoint>Efficacy</endpoint>
    <statisticalmethods />
    <masking1 />
    <masking2 />
    <masking3 />
    <masking4 />
    <patientregistry>False</patientregistry>
    <followup />
    <followuptype />
    <purposeobs />
    <duration />
    <selection />
    <timing />
  </trial_design>
  <recruitment>
    <phase>Not Applicable</phase>
    <anticipatedstartdate>12/08/2014</anticipatedstartdate>
    <actualstartdate>12/08/2014</actualstartdate>
    <anticipatedenddate>31/12/2015</anticipatedenddate>
    <actualenddate>1/09/2014</actualenddate>
    <samplesize>30</samplesize>
    <actualsamplesize>2</actualsamplesize>
    <recruitmentstatus>Terminated</recruitmentstatus>
    <recruitmentcountry>Australia</recruitmentcountry>
    <recruitmentstate>VIC</recruitmentstate>
    <hospital>Peter MacCallum Cancer Institute - East Melbourne</hospital>
    <postcode>3002 - East Melbourne</postcode>
  </recruitment>
  <sponsorship>
    <primarysponsortype>Hospital</primarysponsortype>
    <primarysponsorname>Peter MacCallum Cancer Centre</primarysponsorname>
    <primarysponsoraddress>St Andrews Place
East Melbourne VIC 3002</primarysponsoraddress>
    <primarysponsorcountry>Australia</primarysponsorcountry>
    <fundingsource>
      <fundingtype>Self funded/Unfunded</fundingtype>
      <fundingname>Foroudi Research Funds</fundingname>
      <fundingaddress>Division of Radiation Oncology and Cancer Imaging
Peter MacCallum Cancer Centre
St Andrews Place 
East Melbourne VIC 3002</fundingaddress>
      <fundingcountry>Australia</fundingcountry>
    </fundingsource>
    <secondarysponsor>
      <sponsortype>None</sponsortype>
      <sponsorname />
      <sponsoraddress />
      <sponsorcountry />
    </secondarysponsor>
  </sponsorship>
  <ethicsAndSummary>
    <summary>This study aims to investigate the side effects, safety, and effectiveness of stereotactic hypofractionated body radiosurgery for oligometastatic renal cell tumours. Who is it for? You may be eligible to join this study if you are aged 18 years or above and have histologically or cytologically confirmed renal cell carcinoma and 1 to 3 extracranial metastases (with no prior systemic targeted therapy) or 4 to 6 extracranial metastases in patients currently on systemic targeted therapy AND no more than 1 to 3 progressing metastases. Study details Stereotactic ablative body radiotherapy (SABR) is a new form of cancer treatment involving high precision radiotherapy. SABR treatment appears to be effective in controlling cancer in other sites elsewhere in the body, including the lung, spine, liver and kidney. We aim to test the ability of this new technique to control cancers that have spread beyond the kidney to other organs or to the bones. This study will involve discussing your medical history and progress of your renal cell tumour with the doctor. A whole body bone scan and CT scan of the chest, abdomen and pelvis will be performed to confirm the location and number of secondary deposits of the tumour prior to treatment and at follow up visits.  In addition to the bone and CT scans, an additional scan called a diffusion and perfusion MRI will be used before treatment and 3 months after treatment to investigate the changes in cancer blood flow before and after treatment. Up to three sessions of SABR treatment will be performed, depending on the location of your secondary cancer deposits. As part of the study, blood samples will be taken before and after treatment at 5 timepoints over a period of approximately 3-4 months. Questionnaires looking at quality of life and pain will be completed before treatment, and at each follow up visit. Follow up visits will be performed at approximately 1 month, and every 3 months until 2 years after the radiotherapy treatment. This is the first step of the research, and is a pilot study. If the technique is shown to be both feasible and tolerable for this pilot study of 30 patients, we would then look at expanding this study.</summary>
    <trialwebsite />
    <publication />
    <ethicsreview>Approved</ethicsreview>
    <publicnotes />
    <ethicscommitee>
      <ethicname>Peter MacCallum Cancer Centre Ethics Committee</ethicname>
      <ethicaddress>Level 4, 10 St Andrews Place
East Melbourne VIC 3002</ethicaddress>
      <ethicapprovaldate>26/06/2014</ethicapprovaldate>
      <hrec>14/05</hrec>
      <ethicsubmitdate />
      <ethiccountry>Australia</ethiccountry>
    </ethicscommitee>
  </ethicsAndSummary>
  <attachment />
  <contacts>
    <contact>
      <title>Dr</title>
      <name>Shankar Siva</name>
      <address>Division of Radiation Oncology and Cancer Imaging
Peter MacCallum Cancer Centre
St Andrews Place
East Melbourne VIC 3002</address>
      <phone>+61 3 9656 1111</phone>
      <fax>+61 3 9656 1424</fax>
      <email>Shankar.Siva@petermac.org</email>
      <country>Australia</country>
      <type>Principal Investigator</type>
    </contact>
    <contact>
      <title>Dr</title>
      <name>Shankar Siva</name>
      <address>Division of Radiation Oncology and Cancer Imaging
Peter MacCallum Cancer Centre
St Andrews Place
East Melbourne VIC 3002</address>
      <phone>+61 3 9656 1111</phone>
      <fax>+61 3 9656 1424</fax>
      <email>Shankar.Siva@petermac.org</email>
      <country>Australia</country>
      <type>Public Queries</type>
    </contact>
    <contact>
      <title>Dr</title>
      <name>Shankar Siva</name>
      <address>Division of Radiation Oncology and Cancer Imaging
Peter MacCallum Cancer Centre
St Andrews Place
East Melbourne VIC 3002</address>
      <phone>+61 3 9656 1111</phone>
      <fax>+61 3 9656 1424</fax>
      <email>Shankar.Siva@petermac.org</email>
      <country>Australia</country>
      <type>Scientific Queries</type>
    </contact>
    <contact>
      <title>Dr</title>
      <name>Jenny Trinh</name>
      <address>Division of Radiation Oncology and Cancer Imaging
Peter MacCallum Cancer Centre
St Andrews Place
East Melbourne VIC 3002</address>
      <phone>+61 3 9656 3626</phone>
      <fax>+61 3 9656 1424</fax>
      <email>Jenny.Trinh@petermac.org</email>
      <country>Australia</country>
      <type>Updating Information</type>
    </contact>
  </contacts>
</ANZCTR_Trial>