<?xml-stylesheet type='text/xsl' href='anzctrTransform.xsl'?>
<ANZCTR_Trial requestNumber="367401">
  <stage>Registered</stage>
  <submitdate>11/11/2014</submitdate>
  <approvaldate>27/11/2014</approvaldate>
  <actrnumber>ACTRN12614001245684</actrnumber>
  <trial_identification>
    <studytitle>Rekindle: testing an online resource to promote sexual wellbeing for both cancer patients and their partners</studytitle>
    <scientifictitle>Rekindle: evaluating the feasibility of an online resource to promote sexual wellbeing for both cancer patients and their partners</scientifictitle>
    <utrn>U1111-1163-9301 </utrn>
    <trialacronym />
    <secondaryid>Nil known</secondaryid>
  </trial_identification>
  <conditions>
    <healthcondition>Sexual function after cancer</healthcondition>
    <conditioncode>
      <conditioncode1>Cancer</conditioncode1>
      <conditioncode2>Any cancer</conditioncode2>
    </conditioncode>
    <conditioncode>
      <conditioncode1>Reproductive Health and Childbirth</conditioncode1>
      <conditioncode2>Other reproductive health and childbirth disorders</conditioncode2>
    </conditioncode>
  </conditions>
  <interventions>
    <interventions>After consenting, participants will log into the Rekindle web intervention. Participants will be asked a series of questions that will determine their unmet needs and inform what of the available content is appropriate to each participant (the assessment battery). At this stage, participants will also be randomly assigned to one of the three study conditions: Rekindle, Rekindle Plus, and Attention Control. Patients and their partners may elect to complete Rekindle together or separately.

The content covered by the intervention includes psycho-education about sex, sexuality, cancer and side effects of cancer, principles of cognitive behavioural therapy, communication skills training, medical and non-medical treatments for diminished sexual function, mindfulness, sensate focus, and strategies for maintenance of skills. 

Participants in the Rekindle and Rekindle Plus conditions will then complete the exercises determined as most appropriate by their responses to the Assessment Battery. 
These exercises are completed sequentially at whatever pace and intervals that best suit individual participants. The intervention is estimated to take 10 weeks, although this will vary depending on each participant's identified needs. The exercises may include reading written text, watching videos and animations, and completing quizzes. Participants will be able to indicate whether or not they want to have more information at the end of each topic.

Participants will repeat the Assessment Battery at 10 weeks and six months after they commenced the intervention.  Participants in the Rekindle Plus condition will receive three phone calls across the intervention to encourage their ongoing participation with the aim of heightening engagement with Rekindle by providing added support. The calls will be made by trained Cancer Council supportive care staff within one week of joining the study, mid-way through each participants program, and at the end of each participants program.

The content of the intervention will be available to the participants in the Rekindle and Rekindle Plus conditions indefinitely after their completion of their program. 
Adherence to the program will be tracked by the back-end of the study website.</interventions>
    <comparator>Participants in the Attention Control condition will receive usual care. In the context of this study, usual care is a collection of existing information and links available online. 
</comparator>
    <control>Active</control>
    <interventioncode>Lifestyle</interventioncode>
    <interventioncode>Behaviour</interventioncode>
  </interventions>
  <outcomes>
    <primaryOutcome>
      <outcome>Determine which modality of Rekindle (self-led Rekindle
or self-led plus telephone support  Rekindle Plus) is most feasible and encourages greater completion of the prescribed intervention. This will be assessed by examining data collected via the study site back-end.
</outcome>
      <timepoint>10 weeks and 6 months after commencing participation</timepoint>
    </primaryOutcome>
    <secondaryOutcome>
      <outcome>In exploratory analyses, determine which subgroups are more likely to complete their prescribed intervention. This will be assessed by examining and comparing demographic data and completion rates collected via the study site back-end.</outcome>
      <timepoint>10 weeks and 6 months after commencing participation</timepoint>
    </secondaryOutcome>
    <secondaryOutcome>
      <outcome>Provide preliminary estimates of the effect size needed to demonstrate the efficacy of Rekindle to improve sexual satisfaction, to inform power calculations in a future Phase III trial. The assessment tools found in the batteries vary across user profiles. 

The tools used are: a background demographic and medical questionnaire, the unmet needs survey (USeNS), the PROMIS satisfaction with sexual life survey (GSSS), the Hospital Anxiety and Depression Scale (HADS), the Female Sexual Function Inventory (FSFI), the International Index of Erectile Function (IIEF), the Sexual Self Disclosure Questionnaire (SSDQ), the Sexual Self Efficacy for Females (SSE_F), the Sexual Self Efficacy for Males (SSE_M), a System Usability Scale (SUS) and a 0-100 rating of confidence in being able to create a fulfilling sex life. </outcome>
      <timepoint>10 weeks and 6 months after commencing participation</timepoint>
    </secondaryOutcome>
  </outcomes>
  <eligibility>
    <inclusivecriteria>Participants must:

-have had a cancer diagnosis, or their partner must have had a cancer diagnosis
-be over 18 years of age
-be at least 6 months past their primary cancer treatment
-show at least one unmet need on the Unmet Needs Survey</inclusivecriteria>
    <inclusiveminage>18</inclusiveminage>
    <inclusiveminagetype>Years</inclusiveminagetype>
    <inclusivemaxage />
    <inclusivemaxagetype>No limit</inclusivemaxagetype>
    <inclusivegender>Both males and females</inclusivegender>
    <healthyvolunteer>No</healthyvolunteer>
    <exclusivecriteria>Exclusions will be made if:

-an individual is under the age of 18
-an individual has not had, nor has their partner had, a cancer diagnosis
-an individual is stil undergoing primary treatment, or has undergone primary treatment in the last 6 months
</exclusivecriteria>
  </eligibility>
  <trial_design>
    <studytype>Interventional</studytype>
    <purpose>Educational / counselling / training</purpose>
    <allocation>Randomised controlled trial</allocation>
    <concealment>Central randomisation by computer.</concealment>
    <sequence>Randomisation sequence uses  a random number generator, with a weighting of 2:2:1 to the Rekindle, Rekindle plus and attention control groups respectively.</sequence>
    <masking>Open (masking not used)</masking>
    <assignment>Parallel</assignment>
    <designfeatures />
    <endpoint />
    <statisticalmethods />
    <masking1 />
    <masking2 />
    <masking3 />
    <masking4 />
    <patientregistry>False</patientregistry>
    <followup />
    <followuptype />
    <purposeobs />
    <duration />
    <selection />
    <timing />
  </trial_design>
  <recruitment>
    <phase>Not Applicable</phase>
    <anticipatedstartdate>1/12/2014</anticipatedstartdate>
    <actualstartdate>16/10/2015</actualstartdate>
    <anticipatedenddate>13/11/2016</anticipatedenddate>
    <actualenddate>24/10/2016</actualenddate>
    <samplesize>170</samplesize>
    <actualsamplesize>99</actualsamplesize>
    <recruitmentstatus>Completed</recruitmentstatus>
    <anticipatedlastvisitdate>13/05/2017</anticipatedlastvisitdate>
    <actuallastvisitdate>18/01/2017</actuallastvisitdate>
    <dataanalysis />
    <withdrawnreason />
    <withdrawnreasonother />
    <recruitmentcountry>Australia</recruitmentcountry>
    <recruitmentstate>ACT,NSW,NT,QLD,SA,TAS,WA,VIC</recruitmentstate>
    <hospital>Ballarat Health Services (Base Hospital) - Ballarat Central</hospital>
    <hospital>Border Medical Oncology - Wodonga</hospital>
    <hospital>Box Hill Hospital - Box Hill</hospital>
    <hospital>Cabrini Hospital - Malvern - Malvern</hospital>
    <hospital>Calvary Mater Newcastle - Waratah</hospital>
    <hospital>The Chris O’Brien Lifehouse - Camperdown</hospital>
    <hospital>Concord Repatriation Hospital - Concord</hospital>
    <hospital>Dubbo Base Hospital - Dubbo</hospital>
    <hospital>Harvey District Hospital - Harvey</hospital>
    <hospital>Lyell McEwin Hospital - Elizabeth Vale</hospital>
    <hospital>Mater Sydney - North Sydney</hospital>
    <hospital>Mercy Hospital for Women - Heidelberg</hospital>
    <hospital>Nepean Hospital - Kingswood</hospital>
    <hospital>Northern Cancer Institute - Frenchs Forest - Frenchs Forest</hospital>
    <hospital>Port Macquarie Base Hospital - Port Macquarie</hospital>
    <hospital>Prince of Wales Hospital - Randwick</hospital>
    <hospital>Royal Brisbane &amp; Womens Hospital - Herston</hospital>
    <hospital>Royal Hobart Hospital - Hobart</hospital>
    <hospital>Royal Perth Hospital - Perth</hospital>
    <hospital>Royal Prince Alfred Hospital - Camperdown</hospital>
    <hospital>The Royal Women's Hospital - Parkville</hospital>
    <hospital>Sir Charles Gairdner Hospital - Nedlands</hospital>
    <hospital>Southern Highlands Private Hospital - Bowral</hospital>
    <hospital>Tamworth Rural Referral Hospital - Tamworth</hospital>
    <hospital>Westmead Hospital - Westmead</hospital>
  </recruitment>
  <sponsorship>
    <primarysponsortype>University</primarysponsortype>
    <primarysponsorname>The University of Sydney</primarysponsorname>
    <primarysponsoraddress>The University of Sydney
NSW 2006
Australia</primarysponsoraddress>
    <primarysponsorcountry>Australia</primarysponsorcountry>
    <fundingsource>
      <fundingtype>Government body</fundingtype>
      <fundingname>Australian Research Council</fundingname>
      <fundingaddress>Level 2, 11 Lancaster Place
Canberra Airport ACT 2609
AUSTRALIA</fundingaddress>
      <fundingcountry>Australia</fundingcountry>
    </fundingsource>
    <fundingsource>
      <fundingtype>Charities/Societies/Foundations</fundingtype>
      <fundingname>Cancer Council NSW </fundingname>
      <fundingaddress>153 Dowling Street,  Woolloomooloo NSW 2011</fundingaddress>
      <fundingcountry>Australia</fundingcountry>
    </fundingsource>
    <secondarysponsor>
      <sponsortype>Charities/Societies/Foundations</sponsortype>
      <sponsorname>Cancer Council NSW</sponsorname>
      <sponsoraddress>153 Dowling Street, Woolloomooloo NSW 2011</sponsoraddress>
      <sponsorcountry>Australia</sponsorcountry>
    </secondarysponsor>
  </sponsorship>
  <ethicsAndSummary>
    <summary>This study aims to evaluate the feasibility of an online resource to promote sexual well-being for both cancer patients and their partners. Who is it for? You may be eligible to join this study if you are aged 18 years or above, and either you or your partner has had a cancer diagnosis. You will also need to be at least 6 months past your primary treatment. Study details: Participants in this study will be randomly (by chance) allocated to one of three groups. Participants in the Rekindle and Rekindle Plus groups will use the online resource. This involves first completing some screening questions, and then working through some self-led exercises tailored to participant needs and sexual concerns. Participants in the Rekindle Plus group will also receive three telephone support calls delivered by a qualified, trained provider to encourage their ongoing participation and engagement with the intervention. The duration of the intervention period is approximately 10 weeks. Participants in the third group will receive a program which is designed to replicate usual care, within the design and formatting of the Rekindle website. We will monitor completion of the prescribed intervention in order to determine which mode of Rekindle is the most feasible.</summary>
    <trialwebsite />
    <publication />
    <ethicsreview>Approved</ethicsreview>
    <publicnotes />
    <ethicscommitee>
      <ethicname>Ethics Review Committee (RPAH Zone)</ethicname>
      <ethicaddress>Research Development Office
Royal Prince Alfred Hospital 
Camperdown NSW 2050</ethicaddress>
      <ethicapprovaldate>3/11/2014</ethicapprovaldate>
      <hrec>HREC/14/RPAH/138</hrec>
      <ethicsubmitdate>14/05/2014</ethicsubmitdate>
      <ethiccountry>Australia</ethiccountry>
    </ethicscommitee>
  </ethicsAndSummary>
  <attachment />
  <contacts>
    <contact>
      <title>Dr</title>
      <name>Haryana Dhillon</name>
      <address>Level 6 North, Chris O'Brien Lifehouse
119-143 Missenden Road
University of Sydney, 
NSW, 2006</address>
      <phone>(61) 2 9036 5392</phone>
      <fax />
      <email>haryana.dhillon@sydney.edu.au</email>
      <country>Australia</country>
      <type>Principal Investigator</type>
    </contact>
    <contact>
      <title>Dr</title>
      <name>Haryana Dhillon</name>
      <address>Level 6 North, Chris O'Brien Lifehouse
119-143 Missenden Road
University of Sydney, 
NSW, 2006</address>
      <phone>(61) 2 9036 5392</phone>
      <fax />
      <email>haryana.dhillon@sydney.edu.au</email>
      <country>Australia</country>
      <type>Public Queries</type>
    </contact>
    <contact>
      <title>Dr</title>
      <name>Haryana Dhillon</name>
      <address>Level 6 North, Chris O'Brien Lifehouse
119-143 Missenden Road
University of Sydney, 
NSW, 2006</address>
      <phone>(61) 2 9036 5392</phone>
      <fax />
      <email>haryana.dhillon@sydney.edu.au</email>
      <country>Australia</country>
      <type>Scientific Queries</type>
    </contact>
    <contact>
      <title>Dr</title>
      <name>Haryana Dhillon</name>
      <address>Level 6 North, Chris O'Brien Lifehouse
119-143 Missenden Road
University of Sydney, 
NSW, 2006</address>
      <phone>(61) 2 9036 5392</phone>
      <fax />
      <email>haryana.dhillon@sydney.edu.au</email>
      <country>Australia</country>
      <type>Updating Information</type>
    </contact>
  </contacts>
</ANZCTR_Trial>