<?xml-stylesheet type='text/xsl' href='anzctrTransform.xsl'?>
<ANZCTR_Trial requestNumber="373089">
  <stage>Registered</stage>
  <submitdate>21/06/2017</submitdate>
  <approvaldate>30/06/2017</approvaldate>
  <actrnumber>ACTRN12617000943347</actrnumber>
  <trial_identification>
    <studytitle>An early phase study of Abraxane combined with Phenelzine Sulfate in patients with metastatic or advanced breast cancer</studytitle>
    <scientifictitle>A Phase Ib Safety and Pharmacokinetics (PK)/ Pharmacodynamics (PD) Study to Determine the Dosage of Abraxane in Combination with Phenelzine Sulfate in Metastatic or Inoperable Locally Advanced Breast Cancer</scientifictitle>
    <utrn>U1111-1197-5518 </utrn>
    <trialacronym>Epi-PRIMED

EpiAxis Therapeutics' Prolonging Remission in Metastatic Disease</trialacronym>
    <secondaryid>None</secondaryid>
  </trial_identification>
  <conditions>
    <healthcondition>Metastatic breast cancer</healthcondition>
    <healthcondition>Inoperable locally advanced breast cancer
</healthcondition>
    <conditioncode>
      <conditioncode1>Cancer</conditioncode1>
      <conditioncode2>Breast</conditioncode2>
    </conditioncode>
  </conditions>
  <interventions>
    <interventions>Nanoparticle albumin-bound paclitaxel (Abraxane) will be administered intravenously over 3 cycles at a fixed dosage of 100mg/m2 to each study participant.  This dose will be administered weekly for the first 3 consecutive weeks, over the 4 week cycle, before commencing the second and third cycles. 

In addition to the fixed dose of nanoparticle albumin-bound paclitaxel, all patients will receive a continuous daily oral dose of phenelzine sulfate across all three cycles,

Each of the five patient cohort groups will receive a progressively higher starting dose of phenelzine sulfate, consecutively.  Cohort A will start at 15mg/day and will be increased to 30mg/d  by week 2 and further increased to 45mg/d for week 3, which will be maintained throughout the study.  Cohort B will start at 45mg/d and will be held constant throughout the Study.  Similarly, Cohort C, D &amp; E will start at 60, 75 and 90mg/d, respectively, and will also be held on this dose throughout the study.  The decision to escalate the dose for the next cohort will be made on the basis of the number of dose limiting toxicity (DLT) events observed during the first 8 weeks in the preceding cohort group.

Phenelzine sulfate compliance will be monitored weekly based on drug tablet returns.


</interventions>
    <comparator>No control group</comparator>
    <control>Uncontrolled</control>
    <interventioncode>Treatment: Drugs</interventioncode>
  </interventions>
  <outcomes>
    <primaryOutcome>
      <outcome>To determine the safety of the therapeutic combination of nanoparticle albumin-bound paclitaxel and phenelzine sulfate.  Safety will be assessed by an evaluation of all adverse events, concomitant illnesses and medications, physical exam findings, vital signs, clinical haematology reports, ECG results and CT imaging data. </outcome>
      <timepoint>Assessed weekly over the 3 cycles, with the first 56 consecutive dosing days representing the DLT window for dose escalation consideration.</timepoint>
    </primaryOutcome>
    <primaryOutcome>
      <outcome>To determine the maximum tolerated dose (MTD) of the therapeutic combination of nanoparticle albumin-bound paclitaxel and phenelzine sulfate.  This will be assessed in relation to the number of DLT events, using the National Cancer Institute Common Terminology Criteria for Adverse events (NCI CTCAE) version 4.03. 
</outcome>
      <timepoint>Assessed weekly over the 3 cycles. </timepoint>
    </primaryOutcome>
    <secondaryOutcome>
      <outcome>To assess the pharmacokinetic parameters of Cmax: Ctrough; Tmax; Ke; T1/2; AUCo-t; AUCt-8; and AUC0-8 for nanoparticle albumin-bound paclitaxel alone and later in combination with phenelzine sulfate.</outcome>
      <timepoint>The pharmacokinetics will be assessed on two separate occasions,  The first is at day 1 and is for the effect of nanoparticle albumin-bound paclitaxel alone.  The second is at day 57 and is for the combined effect with phenelzine sulfate.</timepoint>
    </secondaryOutcome>
    <secondaryOutcome>
      <outcome>To identify relationships between pharmacokinetic characteristics of the treatment and the circulating tumor cell (CTC) / cancer stem cell (CSC) burden.  A flow cytometric method will be used to assess the CTC and CSC burden from a blood and solid tissue biopsy sample, respectively.  This method will be deployed using a DepArray machine.  The relationships will be assessed with nanoparticle albumin-bound paclitaxel alone and later in combination with phenelzine sulfate.
</outcome>
      <timepoint>The pharmacokinetic relationships will be assessed on two separate occasions,  The first is at day 1 and is for the effect of nanoparticle albumin-bound paclitaxel alone.  The second is at day 57 and is for the combined effect with phenelzine sulfate.

In addition, the CTC and CSC burdens will be assessed on two further occasions, at day 29 and day 85, but not in relation to the pharmacokinetics of either drug.</timepoint>
    </secondaryOutcome>
    <secondaryOutcome>
      <outcome>To identify relationships between pharmacokinetic characteristics of the treatment and the composite expression of epithelial growth factor receptor (EGRF), cytokeratin and phosphorylated LSD1 with the CTC/CSC burden.  Theses relationships will be assessed with nanoparticle albumin-bound paclitaxel alone and later in combination with phenelzine sulfate.</outcome>
      <timepoint>The pharmacokinetic relationships will be assessed on two separate occasions,  The first is at day 1 and is for the effect of nanoparticle albumin-bound paclitaxel alone.  The second is at day 57 and is for the combined effect with phenelzine sulfate.

In addition, EGRF, cytokeratin and phosphorylated LSD1  will be assessed on two further occasions, at day 29 and day 85, in relation to the CTC/ CSC burden, but not in relation to the pharmacokinetics of either drug.</timepoint>
    </secondaryOutcome>
    <secondaryOutcome>
      <outcome>To assess the pharmacodynamic parameters for the treatment, which will include change over the course of the study in the CTC/CSC burden; immune response parameters; LSD1 and PKC-theta gene and protein expression, and in T cell cytokine profiles. These changes will be assessed with nanoparticle albumin-bound paclitaxel alone and later in combination with phenelzine sulfate.</outcome>
      <timepoint>The pharmacodynamic parameters will be assessed on four separate occasions. The first is at day 1 and is for the effect of nanoparticle albumin-bound paclitaxel alone.  The second, third and fourth assessments are at day 29, 57 and 85, respectively, and are for the combined effect with phenelzine sulfate.</timepoint>
    </secondaryOutcome>
  </outcomes>
  <eligibility>
    <inclusivecriteria>1. Patients who are 18 years or older;
2.  Fluent in written and spoken English and in a position to provide written informed consent to participate;
3.  A patient who is in a position to attend a 12-week treatment regimen and end of study visit;
4.  Metastatic Breast Cancer (MBC) or inoperable locally advanced breast cancer diagnosis based on pre-existing documented histopathology and medical imaging results, either Triple Negative Metastatic Breast Cancer (TNBC) or not;
5.  Women with metastatic breast cancer or inoperable locally advanced breast cancer who have not received any cytotoxic therapy in the last 3 weeks; 
6.  Volunteers of child-bearing potential must have a negative serum pregnancy test (serum beta-human chorionic gonadotropin or ß-hCG) and have agreed to practice an effective, reliable contraceptive regimen for the duration of this clinical trial, such as an  intrauterine device (IUD) or intrauterine system (IUS) with a failure rate of &lt;1% stated on the product label or a male partner who is has been sterilised (vasectomy with documented azoospermia);
7. ECOG Performance Status 0 or 1; and
8. Adequate liver function as evidenced by bilirubin of &lt;1.5 times upper limit of normal (ULN) and ALT/AST &lt;2 times of ULN. However, AST and ALT of &lt;5 times ULN if liver metastases  are present
</inclusivecriteria>
    <inclusiveminage>18</inclusiveminage>
    <inclusiveminagetype>Years</inclusiveminagetype>
    <inclusivemaxage />
    <inclusivemaxagetype>No limit</inclusivemaxagetype>
    <inclusivegender>Females</inclusivegender>
    <healthyvolunteer>No</healthyvolunteer>
    <exclusivecriteria>1. A patient who has been diagnosed as having HER2-positive metastatic breast cancer;
2. A concurrent condition that may limit the decision-making capabilities of the participant during the informed consent process;
3. A previous positive diagnosis of Human Immunodeficiency Virus (HIV) and/or Hepatitis C Virus (HCV) and/or Hepatitis B Virus (HBV) infection;
4.  Women who are pregnant or lactating;
5. Uncontrolled, untreated intra-cranial metastases. However, controlled intra-cranial metastases are allowed, i.e. stable patients with more than a month after the completion of whole brain radiotherapy and not currently on steroids or anticonvulsants;
6. Current use of monoamine oxidase inhibitors (MOAI) or use of dextromethorphan 
7.  Current use of CNS depressants such as selective serotonin re-uptake inhibitors as well as specific medication for pain management including pethidine, tramadol, dextromethorphan, fentanyl and/or methadone. This includes the concurrent use of any serotoninergic agents or buspirone hydrochloride during the week preceding phenelzine sulfate administration, the active study treatment phase and the washout period at the end of study. Serotoninergic drugs may include but are not limited to the following: dexfenfluramine, fluoxetine, fluvoxamine, paroxetine, sertraline, citalopram and venlafaxine; 
8.  Previous use of nanoparticle albumin-bound paclitaxel;  
9.  Known allergy to phenelzine sulfate or similar MOAI; and
10.  Known or suspected history of alcohol abuse;</exclusivecriteria>
  </eligibility>
  <trial_design>
    <studytype>Interventional</studytype>
    <purpose>Treatment</purpose>
    <allocation>Non-randomised trial</allocation>
    <concealment />
    <sequence />
    <masking>Open (masking not used)</masking>
    <assignment>Other</assignment>
    <designfeatures>Cumulative Cohort group design with a target toxicity fraction of 30% and a margin of 10%.  This means that a dose will be escalated when the observed toxicity rate is &lt; 20%, de-escalated when &gt; 40% and maintained otherwise.  

The toxicity fraction is the  number of participants receiving that dose who experience a DLT.  </designfeatures>
    <endpoint>Safety/efficacy</endpoint>
    <statisticalmethods>In general, industry standards for phase I development or proof of concept/principle (PoC/PoP) research were applied, which suggested a sample size of between 10-20 participants assuming that there will be an attrition rate of between 10-15%.

All statistical analyses will be performed using data collected from the Intent-to-Treat population, which comprises all study participants who are allocated to treatment and receive at least one dose of the study medication.  

All statistical calculations will be performed using a validated installation of the R language (Version 3.3.0).  </statisticalmethods>
    <masking1 />
    <masking2 />
    <masking3 />
    <masking4 />
    <patientregistry>False</patientregistry>
    <followup />
    <followuptype />
    <purposeobs />
    <duration />
    <selection />
    <timing />
  </trial_design>
  <recruitment>
    <phase>Phase 1</phase>
    <anticipatedstartdate>10/07/2017</anticipatedstartdate>
    <actualstartdate />
    <anticipatedenddate>25/06/2018</anticipatedenddate>
    <actualenddate />
    <samplesize>13</samplesize>
    <actualsamplesize />
    <recruitmentstatus>Not yet recruiting</recruitmentstatus>
    <anticipatedlastvisitdate>25/09/2018</anticipatedlastvisitdate>
    <actuallastvisitdate />
    <dataanalysis />
    <withdrawnreason />
    <withdrawnreasonother />
    <recruitmentcountry>Australia</recruitmentcountry>
    <recruitmentstate>ACT</recruitmentstate>
    <hospital>The Canberra Hospital - Garran</hospital>
    <postcode>2605 - Garran</postcode>
  </recruitment>
  <sponsorship>
    <primarysponsortype>Commercial sector/Industry</primarysponsortype>
    <primarysponsorname>EpiAxis Therapeutics Pty Ltd</primarysponsorname>
    <primarysponsoraddress>Building 1, Room 1D131, Kirinari Street, Bruce, ACT 2617</primarysponsoraddress>
    <primarysponsorcountry>Australia</primarysponsorcountry>
    <fundingsource>
      <fundingtype>Commercial sector/Industry</fundingtype>
      <fundingname>EpiAxis Therapeutics Pty Ltd</fundingname>
      <fundingaddress>Building 1, Room 1D131, Kirinari Street, Bruce, ACT 2617</fundingaddress>
      <fundingcountry>Australia</fundingcountry>
    </fundingsource>
    <secondarysponsor>
      <sponsortype>None</sponsortype>
      <sponsorname />
      <sponsoraddress />
      <sponsorcountry />
    </secondarysponsor>
  </sponsorship>
  <ethicsAndSummary>
    <summary>This phase 1b study will determine the safety and efficacy of combined treatment of  Abraxane and phenelzine sulfate (Nardil) for metastatic or locally advanced breast cancer.

Who is it for?
You may be eligible to join this study if you are aged 18 years or above and have been diagnosed with metastatic breast cancer or inoperable locally advanced breast cancer.

Study details
All participants will receive a combination of intravenous Abraxane and an oral dose of phenelzine sulfate. Abraxane will be administered weekly for the first 3 weeks of a 4-week cycle for 3 consecutive cycles. Phenelzine sulfate will be taken daily for the duration of the 3 cycles. Five patient cohort groups will receive a progressively increasing dose of phenelzine sulfate. Safety and efficacy will be assessed weekly over the 3 cycles of treatment.

Although both drugs have been used in clinical care for more than a decade, they have not been intentionally combined together in a cancer therapy setting. This means that the combined effect of these two drugs has not been documented. This is being addressed in this study.
</summary>
    <trialwebsite>www.epiaxistherapeutics.com</trialwebsite>
    <publication />
    <ethicsreview>Approved</ethicsreview>
    <publicnotes />
    <ethicscommitee>
      <ethicname>The ACT Health Human Research Ethics Committee</ethicname>
      <ethicaddress>PO Box 11, Woden, ACT 2606</ethicaddress>
      <ethicapprovaldate>3/03/2017</ethicapprovaldate>
      <hrec>ETH.10.16.218</hrec>
      <ethicsubmitdate>9/10/2016</ethicsubmitdate>
      <ethiccountry>Australia</ethiccountry>
    </ethicscommitee>
  </ethicsAndSummary>
  <attachment />
  <contacts>
    <contact>
      <title>Prof</title>
      <name>Desmond Yip</name>
      <address>Clinical Director
Department of Medical Oncology
The Canberra Hospital
Yamba Drive
Garran
ACT 2606 Australia</address>
      <phone>+61 420 946 624</phone>
      <fax>+61 2 6244 4266</fax>
      <email>Desmond.Yip@act.gov.au</email>
      <country>Australia</country>
      <type>Principal Investigator</type>
    </contact>
    <contact>
      <title>Dr</title>
      <name>Jeremy Chrisp</name>
      <address>EpiAxis Therapeutics, c/- Building 1, Room 1D131, Kirinari Street, Bruce, ACT 2617</address>
      <phone>+61 421 012 268</phone>
      <fax />
      <email>j.chrisp@epiaxistherapeutics.com</email>
      <country>Australia</country>
      <type>Public Queries</type>
    </contact>
    <contact>
      <title>Prof</title>
      <name>Sudha Rao</name>
      <address>EpiAxis Therapeutics, c/- Building 1, Room 1D131, Kirinari Street, Bruce, ACT 2617</address>
      <phone>+61 411 415 440</phone>
      <fax />
      <email>s.rao@epiaxistherapeutics.com</email>
      <country>Australia</country>
      <type>Scientific Queries</type>
    </contact>
    <contact>
      <title>Dr</title>
      <name>Jeremy Chrisp</name>
      <address>c/- Building 1, Room 1D131, Kirinari Street, Bruce</address>
      <phone>+61 421 012 268</phone>
      <fax />
      <email>j.chrisp@epiaxistherapeutics.com</email>
      <country>Australia</country>
      <type>Updating Information</type>
    </contact>
  </contacts>
</ANZCTR_Trial>