<?xml-stylesheet type='text/xsl' href='anzctrTransform.xsl'?>
<ANZCTR_Trial requestNumber="367255">
  <stage>Registered</stage>
  <submitdate>3/05/2017</submitdate>
  <approvaldate>5/05/2017</approvaldate>
  <actrnumber>ACTRN12617000651381p</actrnumber>
  <trial_identification>
    <studytitle>BCT 1702 (CHARIOT): Patients with high-risk primary triple negative breast cancer who have had anthracycline-based chemotherapy will receive Ipilimumab and Nivolumab with weekly paclitaxel, followed by definitive surgery and further treatment with Nivolumab to evaluate the safety, feasibility and efficacy of this treatment. </studytitle>
    <scientifictitle>BCT 1702 (CHARIOT): Patients with high-risk primary triple negative breast cancer who have had anthracycline-based chemotherapy will receive Ipilimumab and Nivolumab with weekly paclitaxel, followed by definitive surgery and further treatment with Nivolumab to evaluate the safety, feasibility and efficacy of this treatment. </scientifictitle>
    <utrn />
    <trialacronym>CHARIOT</trialacronym>
    <secondaryid>BCT 1702</secondaryid>
  </trial_identification>
  <conditions>
    <healthcondition>Primary triple negative breast cancer</healthcondition>
    <conditioncode>
      <conditioncode1>Cancer</conditioncode1>
      <conditioncode2>Breast</conditioncode2>
    </conditioncode>
  </conditions>
  <interventions>
    <interventions>Before surgery, participants will receive the following treatment simultaneously over a 12 week period:
*  Nivolumab intravenously at 3 mg/kg every 2 weeks for 6 doses;
*  Ipilimumab intravenously at 1mg/kg every 6 weeks for 2 doses;
*  Paclitaxel intravenously at 80 mg/m^2 weekly for 12 doses.

Where administration of the study drugs happens on the same day, nivolumab is administered first, ipilimumab is administered 30 minutes after nivolumab, and paclitaxel is administered last. Study treatment is administered at clinic/study visits.

Surgery will take place within 4 weeks of the last paclitaxel dose. Surgery may be either breast conserving surgery or mastectomy as decided between the participant and surgeon.

Participants will recommence Nivolumab 2-6 weeks after surgery as determined by the investigator. Nivolumab is administered intravenously at 480 mg dose every 4 weeks for 9 doses at clinic/study visits.</interventions>
    <comparator>None</comparator>
    <control>Uncontrolled</control>
    <interventioncode>Treatment: Drugs</interventioncode>
  </interventions>
  <outcomes>
    <primaryOutcome>
      <outcome>The rate of pathological complete response (pCR) in the breast and axilla as defined by no histologic evidence of residual invasive cancer cells on haematoxylin and eosin (H&amp;E) evaluation of the resected breast and lymph node specimens.</outcome>
      <timepoint>Definitive surgery.</timepoint>
    </primaryOutcome>
    <secondaryOutcome>
      <outcome>The proportion of participants with a pCR rate in the breast (ypT0/is) as  defined by no histologic evidence of residual invasive cancer cells on haematoxylin and eosin (H&amp;E) evaluation of the resected breast and lymph node specimens.</outcome>
      <timepoint>Definitive surgery.</timepoint>
    </secondaryOutcome>
    <secondaryOutcome>
      <outcome>Residual disease as per residual cancer burden (RCB) as assessed by the local pathologist.</outcome>
      <timepoint>Definitive surgery.</timepoint>
    </secondaryOutcome>
    <secondaryOutcome>
      <outcome>The overall objective radiologic response rate (complete plus partial) in the breast (CR+PR) as determined by ultrasound.</outcome>
      <timepoint>Prior to definitive surgery</timepoint>
    </secondaryOutcome>
    <secondaryOutcome>
      <outcome>The proportion of participants experiencing Serious Adverse Events as per CTCAE V4.0.</outcome>
      <timepoint>SAEs are assessed pror to Cycle 1, every 2 weeks during the Treatment Phase, 1-4 weeks post-surgery, every 4 weeks during post-surgery treatment with Nivolumab and up to 30 days after the last dose of Nivolumab.</timepoint>
    </secondaryOutcome>
    <secondaryOutcome>
      <outcome>The proportion of participants with detectable ctDNA as assessed by plasma assay.</outcome>
      <timepoint>1 year post-therapy.</timepoint>
    </secondaryOutcome>
    <secondaryOutcome>
      <outcome>Event free survival (EFS) as assessed by local investigator standard of care.</outcome>
      <timepoint>6 months, 12 months, 24 months and 36 months from the start of study treatment.</timepoint>
    </secondaryOutcome>
    <secondaryOutcome>
      <outcome>Overall survival (OS) as assessed by local investigator standard of care.</outcome>
      <timepoint>6 months, 12 months, 24 months and 36 months from the start of study treatment.</timepoint>
    </secondaryOutcome>
  </outcomes>
  <eligibility>
    <inclusivecriteria>For inclusion in the study, participants must fulfil all of the following criteria:

1) Female or male, age &gt;= 18 years.

2) Non-metastatic, unilateral triple negative breast cancer, histologically defined as:
a) ER negative: with &lt; 1% of tumour cells positive for ER by IHC irrespective of staining intensity; AND
b) PR negative: with &lt; 1% tumour cells positive for PR by IHC irrespective of staining intensity; AND
c) HER2 negative:
i) IHC 1+, as defined by incomplete membrane staining that is faint/barely perceptible and within &gt; 10% of invasive tumour cells; OR
ii) IHC 0, as defined by no staining observed or membrane staining that is incomplete and is faint/barely perceptible and within &gt;= 10% of the invasive tumour cells; OR
iii) ISH (FISH or SISH) negative based on: Single-probe average HER2 copy number &lt; 4.0 signals/cell, OR Dual-probe HER2/CEP17 ratio &lt; 2.0 with an average HER2 copy number &lt; 4.0 signals/cell.

3) At the time of diagnosis, have previously untreated non-metastatic (M0) TNBC fulfilling the following combined primary tumour (T) and regional lymph node (N) staging per AJCC Cancer Staging Manual, 8th Edition (2017) as assessed by the local investigator on the basis of US of the breasts, and US or clinical examination of the axilla, respectively (prior to any anthracycline-based chemotherapy):
a)	Note: ipsilateral multifocal or multicentric primary disease is allowed and the tumour focus with the most advanced T stage should be used to assess eligibility; all tumours must be confirmed TN phenotype;
b)	Note: participants entering the trial after undergoing a sentinel lymph node biopsy will not be eligible;
c)	The residual primary tumour (or at least one of the primary tumours in the presence of multifocal or multicentric disease) post anthracycline-based chemotherapy must be at least 15 mm at the time of study treatment commencement and be amenable to biopsy. Residual skin disease that is &gt;= 15 mm is acceptable;
d)	An assessment of tumour response prior to study entry is required by serial US and clinical examination.
e)	The tumour measurement at study entry (pre-C1) can be used and compared to measurements from the diagnostic imaging performed at diagnosis (prior to the start of anthracycline-based chemotherapy). 

4) A tumour block or representative 15 sections from the diagnstic core biopsy prior to anthracycline-based chemotherapy must be available. 

5) 5)	The participant must have completed 4 cycles of anthracycline-based chemotherapy (AC (or EC) x 4 (3 weekly or dose dense) at standard dosing; FEC X 4).

6)	The participant must consent to have research core needle biopsies of the primary tumour prior to the start of study treatment. The biopsy must be judged feasible by the investigator and at least two core biopsies are required.

7)	Eastern Cooperative Oncology Group (ECOG) performance status of 0 or 1.

8)	Able to commence study treatment within 14 days of study registration.

9)	Surgery is able to be undertaken within 4 weeks of final paclitaxel dose. Surgeon must not offer pre-operative radiation for any patient with operable cancer after final paclitaxel.

10)	Adequate organ function. All screening laboratory results should be performed within 14 days of treatment initiation.

11)	Screening laboratory values must meet the following criteria (using CTCAE V4): 
a)	WBC			 &gt;= 2 x 10^9/L;
b)	Neutrophils		 &gt;= 1.5 x 10^9/L;
c)	Platelets &gt;=		 100  x 10^3/µL;
d)	Haemoglobin 		&gt;= 9.0 g/dL;
e)	Serum creatinine =&lt; 1.5 x ULN or calculated creatinine clearance = 50 mL/min (using the Cockcroft Gault formula)
f)	AST/ALT			 =&lt; 3.0 x ULN;
g)	Total bilirubin		 =&lt; 1.5 x ULN except participants with Gilbert Syndrome who must have a total bilirubin level &lt; 3.0 mg/dL).

12)	Left ventricular ejection fraction (LVEF) of &gt;= 50% or &gt;= institution lower limit of normal (LLN) as assessed by echocardiogram (ECHO) or multigated acquisition (MUGA) scan performed at screening (no more than 4 weeks prior to study entry).

13)	Negative pregnancy test or confirmation of post-menopausal status.
a)	Negative urine or serum pregnancy (minimum sensitivity 25 IU/L or equivalent units of HCG) within 24 hours prior to the start of study drug.
i)	Participants must agree to follow instructions for method(s) of contraception from the time of enrolment for the duration of treatment plus 5 half-lives of nivolumab (half-life up to 25 days) plus 30 days (duration of ovulatory cycle) for a total of 23 weeks post treatment completion.
OR
b)	Women will be considered post-menopausal if they have been amenorrhoeic for 12 months without an alternative medical cause. The following age-specific requirements apply: 
i)	Women &lt; 50 years of age would be considered post-menopausal if they have been amenorrhoeic for 12 months or more following cessation of exogenous hormonal treatments and if they have luteinizing hormone and follicle-stimulating hormone levels in the post-menopausal range for the institution or underwent surgical sterilization (bilateral oophorectomy or hysterectomy).
ii)	Women &gt;= 50 years of age would be considered post-menopausal if they have been amenorrhoeic for 12 months or more following cessation of all exogenous hormonal treatments, had radiation-induced menopause with last menses &gt; 1 year ago, had chemotherapy-induced menopause with last menses &gt; 1 year ago, or underwent surgical sterilization (bilateral oophorectomy, bilateral salpingectomy or hysterectomy).

14)	Women must not be breastfeeding.

15)	Be willing and able to provide written informed consent for the trial. The participant may also provide consent for Future Biomedical Research. However, the participant may participate in the main trial without participating in Future Biomedical Research.</inclusivecriteria>
    <inclusiveminage>18</inclusiveminage>
    <inclusiveminagetype>Years</inclusiveminagetype>
    <inclusivemaxage />
    <inclusivemaxagetype>No limit</inclusivemaxagetype>
    <inclusivegender>Both males and females</inclusivegender>
    <healthyvolunteer>No</healthyvolunteer>
    <exclusivecriteria>Any one of the following is regarded as a criterion for exclusion from the study:
1)	Has evidence of metastatic breast cancer or concurrent bilateral invasive breast cancer. Staging must be performed as clinically appropriate. Biopsies should be performed to confirm or exclude metastatic disease if possible.

2)	Has received prior chemotherapy (apart from pre-study anthracycline component), targeted therapy, radiation therapy, immunotherapy that target immune checkpoints, co-stimulatory or co-inhibitory pathways for T cell receptors within the past 12 months.
a)	Participants who are planned to receive further chemotherapy post-surgery if residual disease is present are ineligible.

3)	Is currently participating and receiving study therapy, or has participated in a study of an investigational agent and received study therapy or used an investigational device within 4 weeks of the first dose of study treatment.
Note: participant will be excluded if she received an investigational agent with anticancer or anti-proliferative intent within the last 12 months.

4)	Has received a live vaccine within 30 days of the first dose of study treatment. 
Note: Seasonal influenza vaccines for injection are generally inactivated flu vaccines and are allowed, however are strongly cautioned against; intranasal influenza vaccines (e.g. FluMist(R)) are live attenuated vaccines, and are not allowed.

5)	Participants must have recovered from the effects of any major surgery for causes unrelated to breast cancer or significant traumatic injury at least 14 days before registration.

6)	Participants with previous malignancies (except non-melanoma skin cancer, melanoma in situ, and in situ cancers of the following:  stomach, colon, cervix, endometrium, or breast) are excluded unless a complete remission was achieved at least 2 years prior to registration and no additional therapy is required or anticipated to be required during the study period.

7)	Other active malignancy requiring concurrent intervention.

8)	Participants with an active, known or suspected autoimmune disease. Participants with type I diabetes mellitus, hypothyroidism only requiring hormone replacement, skin disorders (such as vitiligo, psoriasis, or alopecia) not requiring systemic treatment, or conditions not expected to recur in the absence of an external trigger are permitted to register.

9)	Participants with a condition requiring systemic treatment with either corticosteroids (&gt; 10 mg daily prednisone equivalent) or other immunosuppressive medications within 14 days of randomisation. Inhaled or topical steroids, and adrenal replacement steroid &gt; 10 mg daily prednisone equivalent, are permitted in the absence of active autoimmune disease. Replacement therapy (e.g. thyroxine, insulin, or physiologic corticosteroid replacement therapy for adrenal or pituitary insufficiency, etc.) is not considered a form of systemic treatment. Patients requiring steroids as a once-off, short term anti-emetics (such as that prescribed with chemotherapy) are allowed.

10)	Participants with interstitial lung disease that is symptomatic or may interfere with the detection or management of suspected drug-related pulmonary toxicity.

11)	Has a history of non-infectious pneumonitis requiring treatment with steroids.

12)	Has active infection requiring systemic therapy.

13)	Has significant cardiovascular disease such as myocardial infarction, acute coronary syndrome or coronary angioplasty/stenting/bypass grafting within the last 6 months, congestive cardiac failure (CHF) New York Heart Association (NYHA) classification IV or history of CHF NYHA III or UV.

14)	Known history of testing positive for human immunodeficiency virus (HIV) or known acquired immunodeficiency syndrome (AIDS).

15)	Known medical condition that, in the investigators opinion, would increase the risk associated with study participation or study drug administration or interfere with the interpretation of safety results.

16)	Any positive test for hepatitis B virus or hepatitis C virus indicating acute or chronic infection.

17)	Active tuberculosis.

18)	Participants with Grade 1 peripheral neuropathy.

19)	Patients considered a poor medical risk due to a serious, uncontrolled medical disorder, non-malignant systemic disease or active, uncontrolled infection. Examples include, but are not limited to, uncontrolled ventricular arrhythmia, recent (within 3 months) myocardial infarction, uncontrolled major seizure disorder, unstable spinal cord compression, superior vena cava syndrome, or any psychiatric disorder that prohibits obtaining informed consent.</exclusivecriteria>
  </eligibility>
  <trial_design>
    <studytype>Interventional</studytype>
    <purpose>Treatment</purpose>
    <allocation>Non-randomised trial</allocation>
    <concealment />
    <sequence />
    <masking>Open (masking not used)</masking>
    <assignment />
    <designfeatures />
    <endpoint>Safety/efficacy</endpoint>
    <statisticalmethods />
    <masking1 />
    <masking2 />
    <masking3 />
    <masking4 />
    <patientregistry>False</patientregistry>
    <followup />
    <followuptype />
    <purposeobs />
    <duration />
    <selection />
    <timing />
  </trial_design>
  <recruitment>
    <phase>Phase 2</phase>
    <anticipatedstartdate>31/01/2018</anticipatedstartdate>
    <actualstartdate />
    <anticipatedenddate>31/07/2019</anticipatedenddate>
    <actualenddate />
    <samplesize>33</samplesize>
    <actualsamplesize />
    <currentsamplesize />
    <recruitmentstatus>Not yet recruiting</recruitmentstatus>
    <anticipatedlastvisitdate>31/01/2022</anticipatedlastvisitdate>
    <actuallastvisitdate />
    <dataanalysis />
    <withdrawnreason />
    <withdrawnreasonother />
    <recruitmentcountry>Australia</recruitmentcountry>
    <recruitmentstate>VIC</recruitmentstate>
  </recruitment>
  <sponsorship>
    <primarysponsortype>Other Collaborative groups</primarysponsortype>
    <primarysponsorname>Breast Cancer Trials</primarysponsorname>
    <primarysponsoraddress>PO Box 283
The Junction NSW 2291</primarysponsoraddress>
    <primarysponsorcountry>Australia</primarysponsorcountry>
    <fundingsource>
      <fundingtype>Other Collaborative groups</fundingtype>
      <fundingname>Breast Cancer Trials</fundingname>
      <fundingaddress>PO Box 283
The Junction NSW 2291</fundingaddress>
      <fundingcountry>Australia</fundingcountry>
    </fundingsource>
    <secondarysponsor>
      <sponsortype>None</sponsortype>
      <sponsorname />
      <sponsoraddress />
      <sponsorcountry />
    </secondarysponsor>
  </sponsorship>
  <ethicsAndSummary>
    <summary>This study aims to find out if treatment with a combination of Ipilimumab and Nivolumab, with weekly paclitaxel before surgery, and treatment with Nivolumab after surgery, is safe and effective in women and men diagnosed with triple negative breast cancer.

Who is it for?
You may be eligible for this study if you are 18 years or older, have been diagnosed with triple negative breast cancer, will be having neoadjuvant treatment (treatment with anthracycline-based chemotherapy before surgery) and your tumour is &gt;= 15mm in size after anthracycline-based chemotherapy.

Trial Details.
Participants may have commenced anthracycline based chemotherapy prior to signing consent to this study. Tumour block/sections from the initial diagnostic core biopsy must be available.

Up to 3 weeks before starting study treatment, all participants will have a breast and axillary ultrasound, and provide research core biopsies and research blood tests. The tumour must be biopsied prior to the start of neoadjuvant study therapy and a primary tumour size of &gt;= 15 mm on imaging (mammogram or ultrasound) is required for eligibility.

Participants will have clinic visits every 2 weeks during pre-surgery treatment (nivolumab, ipilimumab and paclitaxel) for 12 weeks. They will receive nivolumab every 2 weeks (6 doses), ipilimumab every 6 weeks (2 doses) and paclitaxel every week (12 doses).

Participants will have a breast and axilla ultrasound repeated before surgery. If tumour is available at surgery, research biopsies will be collected.

Nivolumab will re-start when safe to do so 3-6 weeks post-surgery. All participants will have clinic visits with the first dose of nivolumab after surgery, and then every 4 weeks for 9 visits (36 weeks). Nivolumab is dosed every 4 weeks post-surgery for up to 9 doses.

The total duration of study treatment is 1 year.

Participants will be followed as per local investigator standard of care (SOC) at 6 months, 12 months, 24 months and 36 months following start of study treatment by phone or SOC visits. </summary>
    <trialwebsite>www.breastcancertrials.org.au</trialwebsite>
    <publication />
    <ethicsreview>Not yet submitted</ethicsreview>
    <publicnotes>Breast Cancer trials formerly known as Australia &amp; New Zealand Breast Cancer Trials Group.</publicnotes>
    <ethicscommitee>
      <ethicname>Peter MacCallum Cancer Centre HREC</ethicname>
      <ethicaddress>Ethics Coordinator
Ethics Committee Secretariat
Peter MacCallum Cancer Centre
Locked Bag 1, A/Beckett Street
Victoria 8006</ethicaddress>
      <ethicapprovaldate />
      <hrec />
      <ethicsubmitdate>31/10/2017</ethicsubmitdate>
      <ethiccountry>Australia</ethiccountry>
    </ethicscommitee>
  </ethicsAndSummary>
  <attachment />
  <contacts>
    <contact>
      <title>A/Prof</title>
      <name>Sherene Loi</name>
      <address>Division of Cancer Medicine, Department of Medical Oncology 
Peter MacCallum Cancer Centre
Locked Bag 1, A'Beckett Street
MELBOURNE VIC 8006</address>
      <phone>+61 3 8559 5935</phone>
      <fax />
      <email>enquiries@bctrials.org.au</email>
      <country>Australia</country>
      <type>Principal Investigator</type>
    </contact>
    <contact>
      <title>Ms</title>
      <name>Corinna Beckmore</name>
      <address>BCT
PO BOX 283
The Junction NSW 2291</address>
      <phone>+61 2 4925 5235</phone>
      <fax />
      <email>enquiries@bctrials.org.au</email>
      <country>Australia</country>
      <type>Public Queries</type>
    </contact>
    <contact>
      <title>A/Prof</title>
      <name>Sherene Loi</name>
      <address>Division of Cancer Medicine, Department of Medical Oncology 
Peter MacCallum Cancer Centre
Locked Bag 1, A'Beckett Street
MELBOURNE VIC 8006</address>
      <phone>+61 3 8559 5935</phone>
      <fax />
      <email>enquiries@bctrials.org.au</email>
      <country>Australia</country>
      <type>Scientific Queries</type>
    </contact>
    <contact>
      <title />
      <name />
      <address />
      <phone />
      <fax />
      <email />
      <country />
      <type>Updating Information</type>
    </contact>
  </contacts>
</ANZCTR_Trial>