<?xml-stylesheet type='text/xsl' href='anzctrTransform.xsl'?>
<ANZCTR_Trial requestNumber="368453">
  <stage>Registered</stage>
  <submitdate>11/05/2015</submitdate>
  <approvaldate>1/06/2015</approvaldate>
  <actrnumber>ACTRN12615000564550</actrnumber>
  <trial_identification>
    <studytitle>Examining the feasibility of a peer-delivered healthy lifestyle intervention to reduce cardiovascular and cancer disease risk for people living with a severe mental illness.</studytitle>
    <scientifictitle>Examining the feasibility of a peer-delivered healthy lifestyle intervention to reduce cardiovascular and cancer disease risk for people living with a severe mental illness: a randomised pilot trial</scientifictitle>
    <utrn />
    <trialacronym />
    <secondaryid>Nil</secondaryid>
  </trial_identification>
  <conditions>
    <healthcondition>Severe Mental Illness</healthcondition>
    <healthcondition>Cardiovascular Disease</healthcondition>
    <healthcondition>Cancer</healthcondition>
    <conditioncode>
      <conditioncode1>Cancer</conditioncode1>
      <conditioncode2>Any cancer</conditioncode2>
    </conditioncode>
    <conditioncode>
      <conditioncode1>Cardiovascular </conditioncode1>
      <conditioncode2>Coronary heart disease</conditioncode2>
    </conditioncode>
    <conditioncode>
      <conditioncode1>Mental Health</conditioncode1>
      <conditioncode2>Schizophrenia</conditioncode2>
    </conditioncode>
  </conditions>
  <interventions>
    <interventions>The proposed project will be conducted as a randomised controlled pilot study. In addition to completing assessments, and receiving pamphlets and standard care, participants randomised to the intervention will be immediately engaged in the peer delivered Better Health Choices telephone intervention. Better Health Choices was developed to target the specific needs and barriers facing people with Schizophrenia and other severe mental illnesses and aims to help participants decrease their smoking, increase their intake of fruit and vegetables (F&amp;V), and reduce their sedentary behaviour. It incorporates clear health messages, well-established behavioural strategies and can be tailored to the personal goals of each participant. Better Health Choices consists of 8 telephone sessions delivered by trained peer workers over a maximum of 11 weeks. Session 1 will be of 45-60 minutes duration, and consists of feedback from the baseline assessment regarding smoking, activity, screen time, F&amp;V intake and alcohol use with motivational interviewing employed to assist clients in identifying goals for change. A box of F&amp;V will be delivered between sessions 1 and 2 to assist initiation of behaviour change in F&amp;V intake. Sessions 2-8 will be conducted over 15-30 minutes and consist of motivational interviewing, education, and goal setting focused on smoking, F&amp;V consumption, and screen use. Adherence to the intervention will be monitored through a log of telephone sessions. Where clinically appropriate, smokers will be encouraged to access their general practitioner for nicotine replacement therapy (subsidised by the MBS). </interventions>
    <comparator>Treatment as usual. Whilst this may vary between participants, it is likely that the person is working with a psychiatrist to address their mental health concerns. They will also likely be working with  a Neami support worker who is helping to support their psychosocial goals and needs.</comparator>
    <control>Active</control>
    <interventioncode>Prevention</interventioncode>
    <interventioncode>Lifestyle</interventioncode>
    <interventioncode>Behaviour</interventioncode>
  </interventions>
  <outcomes>
    <primaryOutcome>
      <outcome>Number of cigarettes/day as assessed by the Timeline Followback Method.</outcome>
      <timepoint>Baseline, 12-weeks and 16-weeks post commencement of intervention.</timepoint>
    </primaryOutcome>
    <secondaryOutcome>
      <outcome>Smoking point prevalence abstinence assessed by 7-day smoking point prevalence abstinence self-reported by participants and using the Timeline Followback Method.</outcome>
      <timepoint>Baseline, 12-weeks and 16-weeks post commencement of intervention.</timepoint>
    </secondaryOutcome>
    <secondaryOutcome>
      <outcome>Smoking quit attempts. Participants are asked to report the number of serious quit attempts made since the previous assessment. The following explanation is read to participants to describe serious quit attempts: "By serious attempt I mean you decided that you would try to make sure you never smoked again. Please include any attempt that you are currently making and please include any successful attempt made since we last spoke".</outcome>
      <timepoint>Baseline, 12-weeks and 16-weeks post commencement of intervention.</timepoint>
    </secondaryOutcome>
    <secondaryOutcome>
      <outcome>Use of Nicotine Replacement Therapy assessed by self-reports.</outcome>
      <timepoint>Baseline, 12-weeks and 16-weeks post commencement of intervention.</timepoint>
    </secondaryOutcome>
    <secondaryOutcome>
      <outcome>Readiness to quit smoking assessed using the Smoking Stages of Change (Short Form).</outcome>
      <timepoint>Baseline, 12-weeks and 16-weeks post commencement of intervention.</timepoint>
    </secondaryOutcome>
    <secondaryOutcome>
      <outcome>Fruit &amp; vegetable consumption as assessed by the fruit &amp; vegetable subscales of the Australian Recommended Food Score (ARFS) diet quality index.</outcome>
      <timepoint>Baseline, 12-weeks and 16-weeks post commencement of intervention.</timepoint>
    </secondaryOutcome>
    <secondaryOutcome>
      <outcome>Leisure screen time assessed using Marshall Sedentary questions targeting television viewing and use of computers and other screens at home.</outcome>
      <timepoint>Baseline, 12-weeks and 16-weeks post commencement of intervention.</timepoint>
    </secondaryOutcome>
    <secondaryOutcome>
      <outcome>Minutes spent per day of walking, moderate and vigorous physical activity, assessed using the International Physical Activity Questionnaire (IPAQ).</outcome>
      <timepoint>Baseline, 12-weeks and 16-weeks post commencement of intervention.</timepoint>
    </secondaryOutcome>
    <secondaryOutcome>
      <outcome>Substance use assessed using the Timeline Follow Back Tool (TLFB).</outcome>
      <timepoint>Baseline, 12-weeks and 16-weeks post commencement of intervention.</timepoint>
    </secondaryOutcome>
    <secondaryOutcome>
      <outcome>Quality of life assessed using the WHO-8 Quality of Life Scale.</outcome>
      <timepoint>Baseline, 12-weeks and 16-weeks post commencement of intervention.</timepoint>
    </secondaryOutcome>
    <secondaryOutcome>
      <outcome>Symptom distress as assessed by the Kessler-10.</outcome>
      <timepoint>Baseline, 12-weeks and 16-weeks post commencement of  intervention.</timepoint>
    </secondaryOutcome>
    <secondaryOutcome>
      <outcome>Participant satisfactions as assessed by the Client Satisfaction Questionnaire-8.</outcome>
      <timepoint>Baseline, 12-weeks and 16-weeks post commencement of intervention.</timepoint>
    </secondaryOutcome>
  </outcomes>
  <eligibility>
    <inclusivecriteria>(i) registration as a consumer of Neami services; (ii) currently living with a severe mental illness (e.g. schizophrenia, bipolar disorder); (iii) age =18 years or older; (iv) identification of a health related goal.</inclusivecriteria>
    <inclusiveminage>18</inclusiveminage>
    <inclusiveminagetype>Years</inclusiveminagetype>
    <inclusivemaxage />
    <inclusivemaxagetype>No limit</inclusivemaxagetype>
    <inclusivegender>Both males and females</inclusivegender>
    <healthyvolunteer>No</healthyvolunteer>
    <exclusivecriteria>(i) currently enrolled in a Neami face-to-face healthy lifestyle peer support intervention; (ii) enrolled in a Neami service that would preclude participation (e.g. homelessness services); (iii) hearing impairment sufficient to prohibit a telephone interview; (iv) acute suicidality; (v) pregnancy; and (vi) acquired brain injury.</exclusivecriteria>
  </eligibility>
  <trial_design>
    <studytype>Interventional</studytype>
    <purpose>Prevention</purpose>
    <allocation>Randomised controlled trial</allocation>
    <concealment>Recruitment of participants will occur from Neami services across Australia. 
Establishment: Neami staff nationwide will receive education around identification, initial eligibility screening and referral to the project. 
Identification: As part of current routine care, Neami support workers conduct regular needs and goal assessments with consumers. For all consumers who identify health needs or goals, support staff will refer the consumer to the study. Participants may also self-refer. Advertising of the study will include flyers in Neami offices, Neami newsletters and via letters mailed to Neami consumers. 
Referral: With the consumer’s permission, Neami staff will provide the project officer with the contact details of eligible and interested consumers. 
Screening: The project officer will screen referred consumers to determine if they meet inclusion criteria. Non-eligible consumers will be referred to appropriate services, and with permission, feedback regarding ineligibility will be given to their local support worker. 
Consent: Eligible and interested participants will provide informed consent. A participant information statement and consent form will be mailed or emailed to the participant. All research activities will take place via phone.
On enrolment to the study, each participant will be allocated a study number. A sealed envelope will be pre-prepared that will include the study number on the outside of the envelope, and the persons treatment condition on the inside of the envelope. Immediately following the initial assessment, the assessment officer will open the envelope and inform the person of their treatment condition. Results of the baseline assessment will be provided to the allocated peer health coach, by the assessment officer, for participants allocated to the intervention. An electronic record of allocations will be kept to verify correct treatment receipt. </concealment>
    <sequence>Randomisation will be managed independently by a member of our team (RM). Participants will be assigned a unique study number according to a computer-generated randomisation schedule and stratified for smoking status, gender, and duration of illness (&lt;5, 5-10, or 10+ years). Immediately following trial enrolment and baseline assessments, the participant will be informed of their treatment allocation.</sequence>
    <masking>Blinded (masking used)</masking>
    <assignment>Parallel</assignment>
    <designfeatures>Outcome assessment officers who are blind to condition will complete the 12 and 16-week outcome assessments. Assessors will be located within a separate organisation to the peer coaches and will not have any direct contact with the peer workers. Assessors will not have access to treatment files. Participants will be asked not to divulge treatment information. If a participant does divulge their treatment condition, an alternate assessment officer will complete all follow-up assessments for that participant.</designfeatures>
    <endpoint>Efficacy</endpoint>
    <statisticalmethods>The proposed study will be conducted using a randomised controlled pilot study design with intention-to-treat analyses applied. The effect of the treatment condition on the primary outcome measure of number of cigarettes smoked per day will be assessed against the control group using a pre-test vs. post-test by treatment group interaction in a repeated measures random effects regression model (xtreg in Stata SE version 11.2). The pre- vs. post-test contrast will consist of baseline vs. the two post-test measures together.  
Being a pilot trial the study will not be powered to detect a significant treatment effect but it will provide an indication of the size of the treatment effect that we can expect from the intervention and it will allow us to derive a more precise indication of the sample size required to detect a clinically meaningful reduction in smoking in subsequent full-scale trials.</statisticalmethods>
    <masking1>False</masking1>
    <masking2>False</masking2>
    <masking3>True</masking3>
    <masking4>True</masking4>
    <patientregistry>False</patientregistry>
    <followup />
    <followuptype />
    <purposeobs />
    <duration />
    <selection />
    <timing />
  </trial_design>
  <recruitment>
    <phase>Not Applicable</phase>
    <anticipatedstartdate>25/05/2015</anticipatedstartdate>
    <actualstartdate />
    <anticipatedenddate>16/05/2016</anticipatedenddate>
    <actualenddate />
    <samplesize>60</samplesize>
    <actualsamplesize />
    <recruitmentstatus>Recruiting</recruitmentstatus>
    <recruitmentcountry>Australia</recruitmentcountry>
    <recruitmentstate>NSW,QLD,WA,VIC</recruitmentstate>
    <postcode>2500 - Wollongong</postcode>
    <postcode>2000 - Sydney</postcode>
    <postcode>4000 - Brisbane</postcode>
    <postcode>3000 - Melbourne</postcode>
    <postcode>6000 - Perth</postcode>
  </recruitment>
  <sponsorship>
    <primarysponsortype>Charities/Societies/Foundations</primarysponsortype>
    <primarysponsorname>Schizophrenia Fellowship NSW</primarysponsorname>
    <primarysponsoraddress>O'Reilly Street, Wagga Wagga NSW, Australia, 2650</primarysponsoraddress>
    <primarysponsorcountry>Australia</primarysponsorcountry>
    <fundingsource>
      <fundingtype>Charities/Societies/Foundations</fundingtype>
      <fundingname>Schizophrenia Fellowship NSW</fundingname>
      <fundingaddress>O'Reilly Street, Wagga Wagga, NSW, Australia, 2650</fundingaddress>
      <fundingcountry>Australia</fundingcountry>
    </fundingsource>
    <secondarysponsor>
      <sponsortype>None</sponsortype>
      <sponsorname />
      <sponsoraddress />
      <sponsorcountry />
    </secondarysponsor>
    <othercollaborator>
      <othercollaboratortype>Commercial sector/Industry</othercollaboratortype>
      <othercollaboratorname>Neami National</othercollaboratorname>
      <othercollaboratoraddress>247-249 Rosanna Road, Rosanna, VIC 3084</othercollaboratoraddress>
      <othercollaboratorcountry>Australia</othercollaboratorcountry>
    </othercollaborator>
    <othercollaborator>
      <othercollaboratortype>Charities/Societies/Foundations</othercollaboratortype>
      <othercollaboratorname>SANE Australia</othercollaboratorname>
      <othercollaboratoraddress>PO Box 226, South Melbourne, VIC 3205</othercollaboratoraddress>
      <othercollaboratorcountry>Australia</othercollaboratorcountry>
    </othercollaborator>
  </sponsorship>
  <ethicsAndSummary>
    <summary>This study aims to evaluate the feasibility of a peer-delivered, telephone-based intervention targeting smoking, fruit and vegetable intake and sedentary behaviour (leisure screen time).

Who is it for? 
You may be eligible to join this study if you are registered as a consumer of Neami services, are currently living with a severe mental illness (e.g. schizophrenia, bipolar disorder), are at least 18 years of age, and can identify a health related personal goal.

Study details
Participants randomised to the intervention will participate in telephone sessions delivered by peer workers. These sessions focus on reducing cardiovascular disease (CVD) risks by decreasing smoking, increasing fruit and vegetable intake and reducing sedentary behaviour. The intervention involves reinforcement of change, checking on current behaviours and simple behavioural strategies over 8 telephone sessions over up to 11 weeks.

Results from this study will inform the development and implementation of interventions to reduce the risk of CVD and cancer in people living with severe mental illness. By tailoring the intervention to be delivered by peer workers via telephone, Better Health Choices may become a more accessible intervention for people within mental health services, with the potential to help reduce the risk of CVD and cancer in this population.</summary>
    <trialwebsite />
    <publication />
    <ethicsreview>Approved</ethicsreview>
    <publicnotes />
    <ethicscommitee>
      <ethicname>University of Wollongong Human Research Ethics Committee</ethicname>
      <ethicaddress>Northfields Avenue, University of Wollongong, Wollongong, New South Wales, 2500</ethicaddress>
      <ethicapprovaldate>12/03/2015</ethicapprovaldate>
      <hrec>HE14/345</hrec>
      <ethicsubmitdate>6/03/2015</ethicsubmitdate>
      <ethiccountry>Australia</ethiccountry>
    </ethicscommitee>
  </ethicsAndSummary>
  <attachment />
  <contacts>
    <contact>
      <title>Dr</title>
      <name>Peter Kelly</name>
      <address>School of Psychology, University of Wollongong, Northfields Avenue, Wollongong, NSW, 2500</address>
      <phone>+61 2 42392382</phone>
      <fax />
      <email>pkelly@uow.edu.au</email>
      <country>Australia</country>
      <type>Principal Investigator</type>
    </contact>
    <contact>
      <title>Dr</title>
      <name>Peter Kelly</name>
      <address>School of Psychology, University of Wollongong, Northfields Avenue, Wollongong, NSW, 2500</address>
      <phone>+61 2 42392382</phone>
      <fax />
      <email>pkelly@uow.edu.au</email>
      <country>Australia</country>
      <type>Public Queries</type>
    </contact>
    <contact>
      <title>Dr</title>
      <name>Peter Kelly</name>
      <address>School of Psychology, University of Wollongong, Northfields Avenue, Wollongong, NSW, 2500</address>
      <phone>+61 2 42392382</phone>
      <fax />
      <email>pkelly@uow.edu.au</email>
      <country>Australia</country>
      <type>Scientific Queries</type>
    </contact>
    <contact>
      <title>Dr</title>
      <name>Peter Kelly</name>
      <address>School of Psychology, University of Wollongong, Northfields Avenue, Wollongong, NSW, 2500</address>
      <phone>+61 2 42392382</phone>
      <fax />
      <email>pkelly@uow.edu.au</email>
      <country>Australia</country>
      <type>Updating Information</type>
    </contact>
  </contacts>
</ANZCTR_Trial>