<?xml-stylesheet type='text/xsl' href='anzctrTransform.xsl'?>
<ANZCTR_Trial requestNumber="366096">
  <stage>Registered</stage>
  <submitdate>1/04/2014</submitdate>
  <approvaldate>30/07/2014</approvaldate>
  <actrnumber>ACTRN12614000810617</actrnumber>
  <trial_identification>
    <studytitle>A phase Ib/II clinical evaluation of Ponatinib in combination with 5- Azacitidine in patients failing prior therapy for FLT3-ITD positive acute myeloid leukaemia (AMLM21)</studytitle>
    <scientifictitle>A phase Ib/II clinical evaluation of Ponatinib in combination with 5- Azacitidine in patients failing prior therapy for FLT3-ITD positive acute myeloid leukaemia (AMLM21)</scientifictitle>
    <utrn />
    <trialacronym>PonAZA study</trialacronym>
    <secondaryid>ALLG AMLM21
Australiasian Leukaemia and Lymphoma Group</secondaryid>
  </trial_identification>
  <conditions>
    <healthcondition>Acute Myeloid Leukaemia (FLT3-ITD positive)</healthcondition>
    <conditioncode>
      <conditioncode1>Cancer</conditioncode1>
      <conditioncode2>Leukaemia - Acute leukaemia</conditioncode2>
    </conditioncode>
  </conditions>
  <interventions>
    <interventions>Phase I
1. Dose level 1
Azacitidine 60 mg/m2 (SC) D1-5 and 8-9 and Ponatinib (Oral) 30mg daily on days 5-25 (6 patients)
Each cycle will be 28 days in length. Continue until DLT, treatment failure or death.
-If there is no Ponatinib dose interruption or reduction for toxicity during cycle 1, the Ponatinib dose should be increased to 45mg in subsequent cycles if Complete Remission (CR) has not been achieved.

If dose level 1 tolerable (as assessed by the trial management committee) the next cohort opened will be Dose level 2. If dose level 1 is not tolerable, the next cohort to be opened will be Dose level -1.

2. Dose level 2
Azacitidine 75 mg/m2 D1-5 and 8-9 and ponatinib 30mg daily on days 5-25 (6 patients)
Each cycle will be 28 days in length. Continue until DLT, treatment failure or death.
-If there is no Ponatinib dose interruption or reduction for toxicity during cycle 1, the Ponatinib dose should be increased to 45mg in subsequent cycles if Complete Remission (CR) has not been achieved.

3. Dose level -1
Azacitidine 50mg/m2 days 1-5 and Ponatinib 30mg daily on days 5-25 (6 patients)
Each cycle will be 28 days in length. Continue until DLT, treatment failure or death.
-If there is no Ponatinib dose interruption or reduction for toxicity during cycle 1, the Ponatinib dose should be increased to 45mg in subsequent cycles if Complete Remission (CR) has not been achieved.

Phase II (randomisation phase)
1.	Patients will be randomised 1:1 to either
-Ponatinib 30 mg daily (24 Patients)
-Recommended phase II dose of Azacitidine (obtained from phase I) and Ponatinib 30 mg D5-25 (24 Patients)
- Each cycle will be 28 days in length. Continue until DLT, treatment failure or death.
-If there is no Ponatinib dose interruption or reduction for toxicity during cycle 1, the Ponatinib dose should be increased to 45mg in subsequent cycles if Complete Remission (CR) has not been achieved.
</interventions>
    <comparator>There are 2 intervention arms in Phase II being compared to each other </comparator>
    <control>Active</control>
    <interventioncode>Treatment: Drugs</interventioncode>
  </interventions>
  <outcomes>
    <primaryOutcome>
      <outcome>Phase Ib- To assess the tolerability (after 2 cycles of treatment) and recommend a Phase II dose of Azacitidine in combination with Ponatinib in patients with FLT3-ITD AML who have failed prior therapy</outcome>
      <timepoint>Phase Ib- The occurrence of a dose-limiting toxicity (DLT) in the first two cycles. A DLT is the occurrence of (i) any CTCAE grade 3 or 4 non-haematologic toxicity, which does not resolve to grade 1 within 21 days post drug cessation, or (ii) grade 4 neutropenia or thrombocytopenia unrelated to MDS/AML that does not resolve to at least grade 2 after 28 days post-drug cessation. </timepoint>
    </primaryOutcome>
    <primaryOutcome>
      <outcome>Phase II- To assess the efficacy (by assessing CR/CRi/PR and relapse) of Ponatinib alone or in combination with Azacitidine in patients with FLT3-ITD AML.</outcome>
      <timepoint>Phase II: The attainment of a best response (CR/CRi/PR) within the first 4 cycles of treatment (i.e. up to and including Day 28 of Cycle 4). Patients without a response assessment, for any reason, in the first 4 cycles will be considered to have not met the criteria for best response. </timepoint>
    </primaryOutcome>
    <secondaryOutcome>
      <outcome>Phase Ib: To assess the preliminary efficacy of Ponatinib alone or in combination with Azacitidine in patients with FLT3-ITD AML</outcome>
      <timepoint>Phase Ib: Best response (CR/CRi/PR) within the first 4 cycles of treatment, haematologic and cytogenetic response, 1 year progression-free and overall survival, proportion bridged to allo-SCT, time to best response and duration of response.</timepoint>
    </secondaryOutcome>
    <secondaryOutcome>
      <outcome>Phase Ib: To investigate the quality of life of patients receiving Azacitidine in combination with Ponatinib.</outcome>
      <timepoint>Phase Ib: After 1, 2 and 4 cycles of therapy (EORTC-QLQ30 and AQoL-5D)</timepoint>
    </secondaryOutcome>
    <secondaryOutcome>
      <outcome>Phase II: To further investigate the efficacy of Ponatinib alone or Azacitidine in combination with Ponatinib.</outcome>
      <timepoint>Phase II: Haematologic and cytogenetic response, 1 year progression-free and overall survival, proportion bridged to allo-SCT, time to best response, and duration of response.</timepoint>
    </secondaryOutcome>
    <secondaryOutcome>
      <outcome>Phase II: To further investigate the quality of life of patients receiving Ponatinib alone or Azacitidine in combination with Ponatinib.</outcome>
      <timepoint>Phase II: After 1, 2 and 4 cycles of therapy (EORTC-QLQ30 and AQoL-5D)</timepoint>
    </secondaryOutcome>
  </outcomes>
  <eligibility>
    <inclusivecriteria>1. Provision of written informed consent
2. Enrolment to the ALLG National Blood Cancer Registry (Another Australiasian Leukaemia and Lymphoma group study)
3. FLT3-ITD AML (except Acute Promyelocytic Leukaemia) failing prior chemotherapy (excluding hydroxyurea and thioguanine which is not considered chemotherapy) or who are considered unfit for frontline intensive chemotherapy.
4. Age 18+
5. Eastern Cooperative Oncology Group performance status 0-2
6. Adequate haemostatic function (activated partial thromboplastin time (APTT) within 5 sec of ULN and INR less than 1.4x ULN)
7. Adequate hepatic function as defined by bilirubin less than or equal to 1.5 x the upper limit of normal (ULN) unless due to Gilberts syndrome and aspartate transaminase (AST) or alanine aminotransferase (ALT) less than or equal to 3 x ULN
8. Adequate pancreatic function as defined by the following criterion: serum lipase or amylase less than or equal to 1.5 × ULN
9. Adequate renal function as defined by serum creatinine less than 1.5 ULN</inclusivecriteria>
    <inclusiveminage>18</inclusiveminage>
    <inclusiveminagetype>Years</inclusiveminagetype>
    <inclusivemaxage>0</inclusivemaxage>
    <inclusivemaxagetype>No limit</inclusivemaxagetype>
    <inclusivegender>Both males and females</inclusivegender>
    <healthyvolunteer>No</healthyvolunteer>
    <exclusivecriteria>1. Any serious medical condition which the investigator feels may interfere with the procedures or evaluations of the study
2. More than 2 prior lines of intensive chemotherapy
3. Prior exposure to ponatinib
4. If prior exposure to other FLT3 inhibitors, the presence of FLT3-TKD mutation must not be present at screening
5. Active graft versus host disease post-allograft or requiring steroid doses equivalent to prednisolone 15mg per day or greater
6. Prior exposure to a hypomethylating agent
7. Major surgery within 28 days prior to initiating therapy
8. History of acute pancreatitis within 1 year of study or a history of chronic pancreatitis
9. Uncontrolled diabetes
10. History of cardiovascular or thromboembolic disease including:
a. Myocardial infarction
b. Unstable angina within 6 months prior to randomization
c. Congestive heart failure within 6 months prior to randomization
d. History of clinically significant (as determined by the treating physician) atrial arrhythmia
e. Any history of ventricular arrhythmia
f. Cerebrovascular accident or transient ischemic attack
g. Any history of peripheral arterial occlusive disease requiring revascularization
h. Any history of venous thromboembolism including deep venous thrombosis (excluding catheter associated thrombosis) or pulmonary embolism
11. History of other malignancy requiring active systemic treatment or which is likely to result in an expected survival time of less than 2 years
12. Viral infection with known HIV or viral hepatitis type B or C not adequately controlled by antiviral medication
13. Active infection or bleeding
14. Pregnant or breastfeeding females; women of childbearing potential may participate providing they agree to use at least 2 effective contraceptive methods throughout the study and for 30 days following completion. For females of childbearing potential, a negative pregnancy test must be documented within 7 days prior to starting treatment with ponatinib
15. Males with a female partner of childbearing potential must agree to use at least 2 effective contraceptive methods throughout the study and for 30 days following the date of last dose</exclusivecriteria>
  </eligibility>
  <trial_design>
    <studytype>Interventional</studytype>
    <purpose>Treatment</purpose>
    <allocation>Randomised controlled trial</allocation>
    <concealment />
    <sequence>Phase II: Computerized random number generation</sequence>
    <masking>Open (masking not used)</masking>
    <assignment />
    <designfeatures />
    <endpoint>Safety/efficacy</endpoint>
    <statisticalmethods />
    <masking1 />
    <masking2 />
    <masking3 />
    <masking4 />
    <patientregistry>False</patientregistry>
    <followup />
    <followuptype />
    <purposeobs />
    <duration />
    <selection />
    <timing />
  </trial_design>
  <recruitment>
    <phase>Phase 1 / Phase 2</phase>
    <anticipatedstartdate>15/09/2014</anticipatedstartdate>
    <actualstartdate>16/06/2016</actualstartdate>
    <anticipatedenddate>30/06/2019</anticipatedenddate>
    <actualenddate />
    <samplesize>60</samplesize>
    <actualsamplesize />
    <recruitmentstatus>Recruiting</recruitmentstatus>
    <anticipatedlastvisitdate />
    <actuallastvisitdate />
    <dataanalysis />
    <withdrawnreason />
    <withdrawnreasonother />
    <recruitmentcountry>Australia</recruitmentcountry>
    <recruitmentstate>NSW,QLD,VIC</recruitmentstate>
  </recruitment>
  <sponsorship>
    <primarysponsortype>Charities/Societies/Foundations</primarysponsortype>
    <primarysponsorname>Australasian Leukaemia and Lymphoma Group</primarysponsorname>
    <primarysponsoraddress>Australasian Leukaemia &amp; Lymphoma Group
Address: Ground Floor, 35 Elizabeth Street,
Richmond, Victoria 3121
AUSTRALIA</primarysponsoraddress>
    <primarysponsorcountry>Australia</primarysponsorcountry>
    <fundingsource>
      <fundingtype>Commercial sector/Industry</fundingtype>
      <fundingname>ARIAD Pharmaceuticals Inc</fundingname>
      <fundingaddress>ARIAD Pharmaceuticals Inc.,
26 Landsdowne Street Cambridge, MA  02139-4234
</fundingaddress>
      <fundingcountry>United States of America</fundingcountry>
    </fundingsource>
    <secondarysponsor>
      <sponsortype>None</sponsortype>
      <sponsorname />
      <sponsoraddress />
      <sponsorcountry />
    </secondarysponsor>
  </sponsorship>
  <ethicsAndSummary>
    <summary>This study is evaluating Ponatinib in combination with 5-Azacitidine in patients with FLT3- ITD positive acute myeloid leukaemia.

Who is it for? You may be eligible to join this study if you are aged over 18 years, have enrolled in the ALLG National Blood Cancer Registry, have FLT3-ITD AML (except Acute Promyelocytic Leukaemia) failing prior chemotherapy or are considered unfit for frontline intensive chemotherapy. You must have adequate liver function (unless due to Gilberts syndrome), adequate pancreatic function, and adequate kidney function. The full details of this study's inclusion and exclusion criteria can be found in the relevant sections within this record.

Trial details: This study has two parts: 
Phase Ib involves finding the best dose of Azacitidine to combine with Ponatinib in terms of patient tolerability and safety. The first group of patients enrolled will be treated with 60 mg/m2 of Azacitidine on days 1 -5 &amp; 8  9 and 30 mg of Ponatinib on days 5  25 of a 28 day cycle. If complete remission of AML is not achieved in the first cycle and no dose reductions for Ponatinib toxicity has occurred Ponatinib should be increased to 45 mg in subsequent cycles. The response to the treatment and adverse events will be assessed by the Trial Management Committee after 6 patients have been evaluated, subsequent patients will be recruited to receive either a higher (75 mg/m2 on days 1  5 &amp; 8  9 on a 28 day cycle) or lower dose Azacitidine (50 mg/m2 on days 1  5 on a 28 day cycle) depending on the response. Both groups would also receive 30 mg of Ponatinib on days 5  25 of a 28 day cycle. If complete remission of AML is not achieved in the first cycle and no dose reductions for Ponatinib toxicity has occurred Ponatinib should be increased to 45 mg in subsequent cycles. The response to the treatment and adverse events of both groups will be assessed by the Trial Management Committee to determine a recommended phase II dose. All patients will then receive repeating 28 day cycles of daily oral Ponatinib and Azacitadine injections as long as the therapy continues to fight their leukaemia. Response to the treatment will be assessed at routine clinical visits with the usual clinical investigations that would monitor the status of your disease.

In Phase II of the study, patients will be randomly (by chance) assigned to 2 groups; one group will receive Ponatinib alone (30 mg per day), and the other group will receive the combination of Azacitidine and Ponatinib (dose determined from Phase Ib). This is to see which treatment works the best and whether combining the treatments gives any benefit for people with AML. All patients will then receive repeating 28 day cycles of daily oral Ponatinib and Azacitadine injections as long as the therapy continues to fight their leukaemia. Response to the treatment will be assessed at routine clinical visits with the usual clinical investigations that would monitor the status of your disease.</summary>
    <trialwebsite />
    <publication />
    <ethicsreview>Approved</ethicsreview>
    <publicnotes />
    <ethicscommitee>
      <ethicname>Alfred Hospital Melbourne</ethicname>
      <ethicaddress>Alfred Hospital
Commercial Road
Melbourne, Victoria 3004
Australia
</ethicaddress>
      <ethicapprovaldate>18/04/2016</ethicapprovaldate>
      <hrec>HREC/15/Alfred/94</hrec>
      <ethicsubmitdate>16/11/2015</ethicsubmitdate>
      <ethiccountry>Australia</ethiccountry>
    </ethicscommitee>
  </ethicsAndSummary>
  <attachment />
  <contacts>
    <contact>
      <title>A/Prof</title>
      <name>Andrew Wei</name>
      <address>Alfred Hospital
Commercial Road
Melbourne, Victoria 3004
Australia
</address>
      <phone>+61 (0)3 9076 3451 </phone>
      <fax>+61 (0)3 9076 2298</fax>
      <email>andrew.wei@monash.edu</email>
      <country>Australia</country>
      <type>Principal Investigator</type>
    </contact>
    <contact>
      <title>Ms</title>
      <name>Delaine Smith</name>
      <address>Australasian Leukaemia &amp; Lymphoma Group
Ground Floor, 35 Elizabeth Street Richmond, VIC 3121 </address>
      <phone>+61 (0)3 8373 9701</phone>
      <fax>+61 (0)3 9429 8277</fax>
      <email>delaine.smith@allg.org.au</email>
      <country>Australia</country>
      <type>Public Queries</type>
    </contact>
    <contact>
      <title>Ms</title>
      <name>Delaine Smith</name>
      <address>Australasian Leukaemia &amp; Lymphoma Group
Ground Floor, 35 Elizabeth Street Richmond, VIC 3121 </address>
      <phone>+61 (0)3 8373 9701</phone>
      <fax>+61 (0)3 9429 8277</fax>
      <email>delaine.smith@allg.org.au</email>
      <country>Australia</country>
      <type>Scientific Queries</type>
    </contact>
    <contact>
      <title>Ms</title>
      <name>Delaine Smith</name>
      <address>Australasian Leukaemia &amp; Lymphoma Group
Ground Floor, 35 Elizabeth Street Richmond, VIC 3121 </address>
      <phone>+61 (0)3 8373 9701</phone>
      <fax />
      <email />
      <country>Australia</country>
      <type>Updating Information</type>
    </contact>
  </contacts>
</ANZCTR_Trial>