<?xml-stylesheet type='text/xsl' href='anzctrTransform.xsl'?>
<ANZCTR_Trial requestNumber="369195">
  <stage>Registered</stage>
  <submitdate>31/08/2015</submitdate>
  <approvaldate>10/09/2015</approvaldate>
  <actrnumber>ACTRN12615000951550</actrnumber>
  <trial_identification>
    <studytitle>Cancer Nutrition and Exercise rehabilitation program (CaNE) for patients with advanced cancer at risk of cancer cachexia syndrome  a phase II feasibility study</studytitle>
    <scientifictitle>A feasibility study looking at the effect of an exercise, fish oil and nutrition supplement intervention program versus standard of care for patients with advanced cancer who are at risk of cancer cachexia syndrome</scientifictitle>
    <utrn>U1111-1173-2940</utrn>
    <trialacronym>CaNE</trialacronym>
    <secondaryid>Nil</secondaryid>
  </trial_identification>
  <conditions>
    <healthcondition>Patients with advanced upper gastrointestinal cancer</healthcondition>
    <healthcondition>Cancer cachexia syndrome</healthcondition>
    <healthcondition>Patients with advanced lung cancer</healthcondition>
    <conditioncode>
      <conditioncode1>Cancer</conditioncode1>
      <conditioncode2>Stomach</conditioncode2>
    </conditioncode>
    <conditioncode>
      <conditioncode1>Physical Medicine / Rehabilitation</conditioncode1>
      <conditioncode2>Other physical medicine / rehabilitation</conditioncode2>
    </conditioncode>
    <conditioncode>
      <conditioncode1>Diet and Nutrition</conditioncode1>
      <conditioncode2>Other diet and nutrition disorders</conditioncode2>
    </conditioncode>
  </conditions>
  <interventions>
    <interventions>Study intervention arm is a combined exercise and nutritional program.  It comprises a 12-week physical activity (PA) program of two supervised, tailored 60-minute strength-based exercise sessions in group format per week, a standardised oral nutritional supplement high in protein (Resource Protein, 200ml bottle, which contains 18.8g protein per bottle) immediately following each exercise session (twice weekly), and high-strength fish oil supplements on a daily basis (2g of EPA/day)].  The exercise session will be supervised by an accredited Exercise Physiologist.
Log of exercise attendance, exercise log, visual inspection of oral nutritional supplement consumption and capsule counting to monitor adherence.</interventions>
    <comparator>Exercise, oral supplement and fish oil intervention arm versus standard treatment arm

Standard treatment arm receive usual care (which may or may not include anti-cancer treatment) as provided by their treating oncologist and team. 

During the study period, if participant(s) from either arm are deemed to be malnourished by their treating team, they may be reviewed by a dietitian and receive additional oral nutritional supplements as part of standard care. Use of additional oral nutritional supplements will be documented.
</comparator>
    <control>Active</control>
    <interventioncode>Treatment: Other</interventioncode>
    <interventioncode>Prevention</interventioncode>
    <interventioncode>Treatment: Drugs</interventioncode>
  </interventions>
  <outcomes>
    <primaryOutcome>
      <outcome>Feasibility of attending twice a week 1-hr resistance exercise training for 12 weeks.  Attendance is measured by review of exercise session registers kept by the exercise physiologist.</outcome>
      <timepoint>At completion of 12-weeks study intervention</timepoint>
    </primaryOutcome>
    <primaryOutcome>
      <outcome>Adherence to oral nutritional supplement after exercise session.  This is assessed by review of nutritional supplement log which is kept by exercise physiologist or research assistant who physically supervise taking of nutritional supplement post exercise. </outcome>
      <timepoint>At completion of 12-weeks study intervention</timepoint>
    </primaryOutcome>
    <primaryOutcome>
      <outcome>Adherence to fish oil supplementation (2g/d) for the duration of 12 weeks.
This is assessed by review of fish oil logs and counting of capsules. </outcome>
      <timepoint>At completion of 12-weeks study intervention</timepoint>
    </primaryOutcome>
    <secondaryOutcome>
      <outcome>Body composition will be assessed using bioimpedance analysis method, anthropometric and skinfold measurements</outcome>
      <timepoint>At 12 weeks, and 6 months after randomisation</timepoint>
    </secondaryOutcome>
    <secondaryOutcome>
      <outcome>Nutritional status will be assessed using a 3-day food diary and a validated nutritional assessment tool, The Patient-Generated Subjective Global Assessment</outcome>
      <timepoint>At 12 weeks and 6 months after randomisation</timepoint>
    </secondaryOutcome>
    <secondaryOutcome>
      <outcome>Functional status will be assessed using handgrip strength, sit to stand and a 6-min walk test and clinician rated-ECOG performance status
</outcome>
      <timepoint>At 12 weeks and 6 months after randomisation
</timepoint>
    </secondaryOutcome>
    <secondaryOutcome>
      <outcome>Muscular strength will be assessed using 10RM test which include leg press, chest press and seated row

</outcome>
      <timepoint>At 12 weeks, and 6 months after randomisation</timepoint>
    </secondaryOutcome>
    <secondaryOutcome>
      <outcome>Quality of life will be assessed using FACT-G, FACIT-fatigue subscale and FAACT  anorexia subscale questionnaires

</outcome>
      <timepoint>At 6 and12 weeks, and 6 months after randomisation</timepoint>
    </secondaryOutcome>
    <secondaryOutcome>
      <outcome>Distress level will be assessed using a single item distress thermometer

</outcome>
      <timepoint>At 6 and 12 weeks, and 6 months after randomisation</timepoint>
    </secondaryOutcome>
    <secondaryOutcome>
      <outcome>Symptoms experienced will be assessed using Patients Disease and Treatment assessment form

</outcome>
      <timepoint>At 6 and 12 weeks, and 6 months after randomisation</timepoint>
    </secondaryOutcome>
    <secondaryOutcome>
      <outcome>Tolerance to chemotherapy including toxicities, and adverse events will be assessed against National Cancer Institute Common Terminology Criteria for Adverse Events version 4  (only applicable to participants who are still on anti-cancer treatment)

</outcome>
      <timepoint>At 6 and 12 weeks, and 6 months after randomisation</timepoint>
    </secondaryOutcome>
  </outcomes>
  <eligibility>
    <inclusivecriteria>*      Aged at least 18 years;
* 	Histologically confirmed advanced incurable upper gastrointestinal UGI) cancer (including gastric, pancreatic, biliary), or lung cancer; 
* 	Have a BMI of 20kg/m2 and above (*BMI of &lt;20kg/m2 will only be included if baseline BMI pre-diagnosis was consistently &lt;20kg/m2)
* 	Have medical clearance for exercise and willing to attend supervised exercise sessions twice per week and consume high protein oral nutritional supplement (200ml) and daily fish oil supplementation;
* 	ECOG performance status of 0-1;
* 	Able (i.e. sufficiently fluent) to follow instructions in English; 
* 	Willing to complete the patient-reported outcome questionnaires, exercise logs and food diary in English; and,
* 	Agreeable to follow up for 6 months or till death whichever occurs first</inclusivecriteria>
    <inclusiveminage>18</inclusiveminage>
    <inclusiveminagetype>Years</inclusiveminagetype>
    <inclusivemaxage />
    <inclusivemaxagetype>No limit</inclusivemaxagetype>
    <inclusivegender>Both males and females</inclusivegender>
    <healthyvolunteer>No</healthyvolunteer>
    <exclusivecriteria>- Life expectancy of &lt;6 months;
- Weight loss of &gt;10% in the previous month, or ongoing weight loss of &gt;3kg over the previous 3 months;
- Already doing resistance-training &gt;2 hours per week; 
- Unable to do strength-based exercise for physical or medical reasons;
- Unable to give informed consent or follow instructions in English;
- Currently taking fish oil supplement (540mg EPA or more), and unwilling to stop for the duration of the study;
- Allergic to fish oil or unable to take fish oil capsules;
- Unable to tolerate high protein supplements;
- Major surgery within the last 8 weeks;
- Unresolved gastrointestinal tract (GIT) obstruction (ie. gastric outlet obstruction, bowel obstruction);
- Symptomatic brain metastases;
- Concurrent corticosteroids or progestogens (corticosteroids used in the short-term for anti-emetics purposes are allowed).  Patients needing to be commenced on corticosteroids for a clinical indication during the study (e.g. symptomatic brain metastases, spinal cord compression, intractable vomiting) will be withdrawn and no subsequent assessments undertaken;
- Concurrent androgens, cannabinoids, olanzapine or other psychostimulants (antidepressants or anti-psychotics) prescribed for appetite stimulation; and
- Tube feeding or parenteral nutrition</exclusivecriteria>
  </eligibility>
  <trial_design>
    <studytype>Interventional</studytype>
    <purpose>Prevention</purpose>
    <allocation>Randomised controlled trial</allocation>
    <concealment>Pre-randomisation evaluation focuses on patients eligibility for the study.  Once they are deemed eligible they will be required to give written informed consent. Baseline assessments will then be completed prior to randomisation.   Randomisation will be on a 2:1 in favour of the intervention and will be set-up by the study’s biostatistician. Randomisation of participants will be managed by research staff independent of the study, they will be contacted via telephone to randomise the patient and provide treatment allocation</concealment>
    <sequence>The randomisation sequence will be generated by a computerised random number generator and provided to the randomisation service by the study biostatistician.</sequence>
    <masking>Open (masking not used)</masking>
    <assignment>Parallel</assignment>
    <designfeatures>Tri-modalities intervention</designfeatures>
    <endpoint>Safety/efficacy</endpoint>
    <statisticalmethods />
    <masking1 />
    <masking2 />
    <masking3 />
    <masking4 />
    <patientregistry>False</patientregistry>
    <followup />
    <followuptype />
    <purposeobs />
    <duration />
    <selection />
    <timing />
  </trial_design>
  <recruitment>
    <phase>Phase 2</phase>
    <anticipatedstartdate>14/09/2015</anticipatedstartdate>
    <actualstartdate />
    <anticipatedenddate>12/09/2016</anticipatedenddate>
    <actualenddate />
    <samplesize>28</samplesize>
    <actualsamplesize />
    <recruitmentstatus>Not yet recruiting</recruitmentstatus>
    <recruitmentcountry>Australia</recruitmentcountry>
    <recruitmentstate>NSW</recruitmentstate>
    <hospital>Concord Repatriation Hospital - Concord</hospital>
    <postcode>2139 - Concord Repatriation Hospital</postcode>
  </recruitment>
  <sponsorship>
    <primarysponsortype>University</primarysponsortype>
    <primarysponsorname>The University of Sydney</primarysponsorname>
    <primarysponsoraddress>Sydney Catalyst Central Office
Chris O'Brien Lifehouse Building
Level 6, 119-143 Missenden Rd, Camperdown NSW 2050
</primarysponsoraddress>
    <primarysponsorcountry>Australia</primarysponsorcountry>
    <fundingsource>
      <fundingtype>University</fundingtype>
      <fundingname>Sydney Catalyst, University of Sydney</fundingname>
      <fundingaddress>Sydney Catalyst Central Office
Chris O'Brien Lifehouse Building
Level 6, 119-143 Missenden Rd, Camperdown NSW 2050
</fundingaddress>
      <fundingcountry>Australia</fundingcountry>
    </fundingsource>
    <secondarysponsor>
      <sponsortype>None</sponsortype>
      <sponsorname />
      <sponsoraddress />
      <sponsorcountry />
    </secondarysponsor>
  </sponsorship>
  <ethicsAndSummary>
    <summary>The primary purpose of this study is to evaluate the feasibility of delivering a combined nutritional and exercise intervention in patients with inoperable gastrointestinal (GI) or lung cancer, who are at risk of developing cancer cachexia. The ultimate aim is to determine whether the combined intervention prevents or slows progression of cancer cachexia, and improves performance status, nutritional status, and quality of life. Who is it for? You may be eligible to join this study if you are aged 18 or over, have advanced incurable upper gastrointestinal cancer (including gastric, pancreatic, biliary), or lung cancer, and a BMI of 20 or higher. Study details Participants in this study will be randomly chosen (by chance) to receive either standard treatment or the nutrition and exercise intervention program. The program involves completing two supervised 1 hour strength-based exercise sessions per week, taking a high protein nutritional supplement drink after each exercise session and taking daily fish oil supplement tablets. The program will last for 12 weeks. Outcomes will be measured at 6 weeks and 12 weeks into the program, and at 6 months. Participants will complete a number of questionnaires, will be asked to keep a 3-day food diary and complete strength and walking tests. It is hoped that the findings of this study will provide information on the efficacy and feasibility of the nutrition and exercise intervention in cancer patients, with the hope that it will slow or prevent the development of cachexia in these individuals.</summary>
    <trialwebsite />
    <publication />
    <ethicsreview>Approved</ethicsreview>
    <publicnotes />
    <ethicscommitee>
      <ethicname>Sydney Local Health District Human Research Ethics Committee -CRGH</ethicname>
      <ethicaddress>Sydney Local Health District Human Research Ethics Committee CRGH
Concord Repatriation General Hospital (CRGH)
Hospital Rd
Concord NSW 2139
</ethicaddress>
      <ethicapprovaldate>18/08/2015</ethicapprovaldate>
      <hrec>HREC/15/CRGH/109</hrec>
      <ethicsubmitdate>26/05/2015</ethicsubmitdate>
      <ethiccountry>Australia</ethiccountry>
    </ethicscommitee>
  </ethicsAndSummary>
  <attachment />
  <contacts>
    <contact>
      <title>A/Prof</title>
      <name>Janette Vardy</name>
      <address>Concord Cancer Centre, Concord Repatriation &amp; General Hospital
Hospital Rd, Concord, NSW, 2139 Australia


</address>
      <phone>Tel: +612 9767 5000  </phone>
      <fax>Fax:+612 97675764</fax>
      <email>janette.vardy@sydney.edu.au</email>
      <country>Australia</country>
      <type>Principal Investigator</type>
    </contact>
    <contact>
      <title>A/Prof</title>
      <name>Janette Vardy</name>
      <address>Concord Cancer Centre, Concord Repatriation &amp; General Hospital
Hospital Rd, Concord, NSW, 2139 Australia

</address>
      <phone>Tel: +612 9767 5000  </phone>
      <fax>Fax:+612 97675764</fax>
      <email>janette.vardy@sydney.edu.au</email>
      <country>Australia</country>
      <type>Public Queries</type>
    </contact>
    <contact>
      <title>A/Prof</title>
      <name>Janette Vardy</name>
      <address>Concord Cancer Centre, Concord Repatriation &amp; General Hospital
Hospital Rd, Concord, NSW, 2139 Australia

</address>
      <phone>Tel: +612 9767 5000 </phone>
      <fax>Fax:+612 97675764</fax>
      <email>janette.vardy@sydney.edu.au</email>
      <country>Australia</country>
      <type>Scientific Queries</type>
    </contact>
    <contact>
      <title>Dr</title>
      <name>Cindy Tan</name>
      <address>Building 38 Nutrition and Dietetics Dept
Concord Repatriation and General Hospital
Hospital Road, Concord NSW 20139</address>
      <phone>+612 97676328</phone>
      <fax />
      <email>cindy.tan@sswahs.nsw.gov.au</email>
      <country>Australia</country>
      <type>Updating Information</type>
    </contact>
  </contacts>
</ANZCTR_Trial>