<?xml-stylesheet type='text/xsl' href='anzctrTransform.xsl'?>
<ANZCTR_Trial requestNumber="370750">
  <stage>Registered</stage>
  <submitdate>23/05/2016</submitdate>
  <approvaldate>25/05/2016</approvaldate>
  <actrnumber>ACTRN12616000678493</actrnumber>
  <trial_identification>
    <studytitle>Genotypes of skin, hair and eye colour and mole types and distribution in melanoma patients.</studytitle>
    <scientifictitle>Pigmentation genotypes and phenotypic correlations with dermoscopic naevus types and distribution in melanoma patients.</scientifictitle>
    <utrn>U1111-1183-0942 </utrn>
    <trialacronym>n/a</trialacronym>
    <secondaryid>Nil</secondaryid>
  </trial_identification>
  <conditions>
    <healthcondition>Melanoma</healthcondition>
    <conditioncode>
      <conditioncode1>Skin</conditioncode1>
      <conditioncode2>Dermatological conditions</conditioncode2>
    </conditioncode>
    <conditioncode>
      <conditioncode1>Cancer</conditioncode1>
      <conditioncode2>Malignant melanoma</conditioncode2>
    </conditioncode>
    <conditioncode>
      <conditioncode1>Human Genetics and Inherited Disorders</conditioncode1>
      <conditioncode2>Other human genetics and inherited disorders</conditioncode2>
    </conditioncode>
  </conditions>
  <interventions>
    <interventions>Observational study of genotypes and phenotypic correlates of pigmentation and naevus characteristics in melanoma patients, in a one-off appointment for each participant. The participant fills out a questionnaire about sun exposure and medical history, and a research assistant records skin, hair and eye colour, skin reflectance, weight and height, before taking a series of full body images and dermoscopic images of all naevi over 5mm in diameter. This process usually takes between 1 and 2 hours.</interventions>
    <comparator>uncontrolled</comparator>
    <control>Uncontrolled</control>
    <interventioncode>Not applicable</interventioncode>
  </interventions>
  <outcomes>
    <primaryOutcome>
      <outcome>Genotypes that significantly increase or decrease the OR for melanoma risk </outcome>
      <timepoint>At recruitment </timepoint>
    </primaryOutcome>
    <secondaryOutcome>
      <outcome>Phenotypic and/or genotypic pigmentation characteristics that significantly increase or decrease the OR for melanoma risk</outcome>
      <timepoint>At recruitment</timepoint>
    </secondaryOutcome>
  </outcomes>
  <eligibility>
    <inclusivecriteria>Patients at the Victorian Melanoma Services at Prince Alfred Hospital, with previous/current diagnosis of melanoma.</inclusivecriteria>
    <inclusiveminage>18</inclusiveminage>
    <inclusiveminagetype>Years</inclusiveminagetype>
    <inclusivemaxage />
    <inclusivemaxagetype>No limit</inclusivemaxagetype>
    <inclusivegender>Both males and females</inclusivegender>
    <healthyvolunteer>No</healthyvolunteer>
    <exclusivecriteria>None</exclusivecriteria>
  </eligibility>
  <trial_design>
    <studytype>Observational</studytype>
    <purpose />
    <allocation />
    <concealment />
    <sequence />
    <masking />
    <assignment />
    <designfeatures />
    <endpoint />
    <statisticalmethods />
    <masking1 />
    <masking2 />
    <masking3 />
    <masking4 />
    <patientregistry>False</patientregistry>
    <followup />
    <followuptype />
    <purposeobs>Screening</purposeobs>
    <duration>Cross-sectional</duration>
    <selection>Convenience sample</selection>
    <timing>Both</timing>
  </trial_design>
  <recruitment>
    <phase />
    <anticipatedstartdate>25/05/2016</anticipatedstartdate>
    <actualstartdate />
    <anticipatedenddate>31/05/2017</anticipatedenddate>
    <actualenddate />
    <samplesize>100</samplesize>
    <actualsamplesize />
    <recruitmentstatus>Recruiting</recruitmentstatus>
    <recruitmentcountry>Australia</recruitmentcountry>
    <recruitmentstate>VIC</recruitmentstate>
    <hospital>The Alfred - Prahran </hospital>
    <postcode>3004 - Melbourne</postcode>
  </recruitment>
  <sponsorship>
    <primarysponsortype>Individual</primarysponsortype>
    <primarysponsorname>Dr Yan Pan</primarysponsorname>
    <primarysponsoraddress>Victorian Melanoma Services
Alfred Hospital
Corner of  Commercial Rd and St Kilda Rd
Melbourne VIC 3004</primarysponsoraddress>
    <primarysponsorcountry>Australia</primarysponsorcountry>
    <fundingsource>
      <fundingtype>Government body</fundingtype>
      <fundingname>National Health and Medical Research Council (NHMRC)</fundingname>
      <fundingaddress>GPO Box 1421
Canberra ACT 2601</fundingaddress>
      <fundingcountry>Australia</fundingcountry>
    </fundingsource>
    <secondarysponsor>
      <sponsortype>None</sponsortype>
      <sponsorname>none</sponsorname>
      <sponsoraddress>n/a</sponsoraddress>
      <sponsorcountry />
    </secondarysponsor>
    <othercollaborator>
      <othercollaboratortype>Individual</othercollaboratortype>
      <othercollaboratorname>A/Prof Richard Sturm</othercollaboratorname>
      <othercollaboratoraddress>Dermatology Research Centre
The University of Queensland
Level 5, TRI, 37 Kent Street
Woolloongabba QLD 4102</othercollaboratoraddress>
      <othercollaboratorcountry>Australia</othercollaboratorcountry>
    </othercollaborator>
  </sponsorship>
  <ethicsAndSummary>
    <summary>This study will examine the links between melanoma risk and the genetics controlling skin, hair and eye colour and mole type and distribution. 

Who is it for?

You may be eligible to join this study if you are a patient of the Victorian Melanoma Service who is able to attend an appointment at the Alfred Hospital and who has had a previous or current melanoma diagnosed. People aged 18 or older are eligible. 

Study details

All participants in this study will attend a one-off appointment where they will fill out a questionnaire about their sun exposure and medical history and give a saliva sample for DNA testing. A research assistant will record the participant's skin, hair and eye colour, weight and height and take full body images of the participant in their underwearas well as dermoscopic (close-up) images of moles larger than 5mm in diameter. This usually takes between 1 and 2 hours. We hope that this research will contribute to better melanoma screening procedures and identify people who would benefit from more frequent skin checks. 

Data will be combined with a similar, previously registered and ongoing study (trial ID - ACTRN12615000244505).</summary>
    <trialwebsite />
    <publication />
    <ethicsreview>Approved</ethicsreview>
    <publicnotes />
    <ethicscommitee>
      <ethicname>The Alfred Hospital Ethics Committee</ethicname>
      <ethicaddress>The Alfred Hospital
55 Commercial Road
Melbourne VIC 3004</ethicaddress>
      <ethicapprovaldate>21/04/2016</ethicapprovaldate>
      <hrec>52/16</hrec>
      <ethicsubmitdate>25/02/2016</ethicsubmitdate>
      <ethiccountry>Australia</ethiccountry>
    </ethicscommitee>
  </ethicsAndSummary>
  <attachment />
  <contacts>
    <contact>
      <title>Dr</title>
      <name>Yan Pan</name>
      <address>Victorian Melanoma Service
The Alfred Hospital
55 Commercial Road
Melbourne VIC 3004</address>
      <phone>+61 3 9076 0365</phone>
      <fax />
      <email>y.pan@alfred.org.au</email>
      <country>Australia</country>
      <type>Principal Investigator</type>
    </contact>
    <contact>
      <title>Dr</title>
      <name>Yan Pan</name>
      <address>Victorian Melanoma Service
The Alfred Hospital
55 Commercial Road
Melbourne VIC 3004</address>
      <phone>+61 3 9076 0365</phone>
      <fax />
      <email>y.pan@alfred.org.au</email>
      <country>Australia</country>
      <type>Public Queries</type>
    </contact>
    <contact>
      <title>Dr</title>
      <name>Yan Pan</name>
      <address>Victorian Melanoma Service
The Alfred Hospital
55 Commercial Road
Melbourne VIC 3004</address>
      <phone>+61 3 9076 0365</phone>
      <fax />
      <email>y.pan@alfred.org.au</email>
      <country>Australia</country>
      <type>Scientific Queries</type>
    </contact>
    <contact>
      <title>Mrs</title>
      <name>Clare Primiero</name>
      <address>Dermatology Research Centre
Level 5, TRI, 37 Kent Street
Woolloongabba QLD 4102</address>
      <phone>+61 7 3443 7496</phone>
      <fax />
      <email>c.bover@uq.edu.au</email>
      <country>Australia</country>
      <type>Updating Information</type>
    </contact>
  </contacts>
</ANZCTR_Trial>