<?xml-stylesheet type='text/xsl' href='anzctrTransform.xsl'?>
<ANZCTR_Trial requestNumber="367798">
  <stage>Registered</stage>
  <submitdate>20/01/2015</submitdate>
  <approvaldate>3/02/2015</approvaldate>
  <actrnumber>ACTRN12615000087550</actrnumber>
  <trial_identification>
    <studytitle>A feasibility study for the addition of parenteral dexamethasone to concurrent opioid therapy in patients with cancer related pain.  </studytitle>
    <scientifictitle>A recruitment feasibility study on the addition of dexamethasone to concurrent opioid therapy in patients with suboptimal cancer related pain management despite standard therapy. </scientifictitle>
    <utrn>N/A</utrn>
    <trialacronym>Parenteral dexamethasone for cancer</trialacronym>
    <secondaryid>NIL</secondaryid>
  </trial_identification>
  <conditions>
    <healthcondition>Ongoing cancer related pain despite standard therapy.</healthcondition>
    <conditioncode>
      <conditioncode1>Cancer</conditioncode1>
      <conditioncode2>Any cancer</conditioncode2>
    </conditioncode>
  </conditions>
  <interventions>
    <interventions>Dexamethasone 8mgs parenteral, daily for five days (intravenous or subcutaneous) or placebo. Routine blood test prior to commencement. Return of syringes/study drug with patient diary. 
Route of administration is determined by the participants current medical management. If they have intravenous access of any kind for routine care, the study drug will be given intravenously. All other participants will have the drug given subcutaneously through a subcutaneous butterfly set to minimise invasive and more painful measures.</interventions>
    <comparator>Placebo - Normal Saline, daily for 5 days parenteral</comparator>
    <control>Placebo</control>
    <interventioncode>Treatment: Drugs</interventioncode>
  </interventions>
  <outcomes>
    <primaryOutcome>
      <outcome>Percentage of randomised patients who progress to complete study (feasibility to proceed to phase III will be defined as at least 60% completion of study intervention and measurements).</outcome>
      <timepoint>Day 6 and day 14</timepoint>
    </primaryOutcome>
    <secondaryOutcome>
      <outcome>Efficacy: Brief Pain Inventory average and worst pain score </outcome>
      <timepoint>baseline, days 2-6 and 14
	
</timepoint>
    </secondaryOutcome>
    <secondaryOutcome>
      <outcome>Quality of Life assessment (EORTC QLQ C15)
</outcome>
      <timepoint>baseline, day 6 and day 14 </timepoint>
    </secondaryOutcome>
    <secondaryOutcome>
      <outcome>Australian Modified Karnofsky Performance Status </outcome>
      <timepoint>(baseline, day 6 and 14)
</timepoint>
    </secondaryOutcome>
    <secondaryOutcome>
      <outcome>Patient Global Impression of Change </outcome>
      <timepoint>(day 6 and day 14)
</timepoint>
    </secondaryOutcome>
    <secondaryOutcome>
      <outcome>Total opioid dose received per 24 hours in oral morphine equivalent, </outcome>
      <timepoint>baseline, Day 2 to Day 6, and day 14
</timepoint>
    </secondaryOutcome>
    <secondaryOutcome>
      <outcome>Overall survival from start of study
</outcome>
      <timepoint>Approximately six months or until data collection ceases.</timepoint>
    </secondaryOutcome>
    <secondaryOutcome>
      <outcome>Toxicity: Adverse Events (NCI-TCAEs)</outcome>
      <timepoint>Baseline, day1-6, and day 14.</timepoint>
    </secondaryOutcome>
    <secondaryOutcome>
      <outcome>Use of breakthrough opioid analgesia

</outcome>
      <timepoint>baseline, days 1-14.</timepoint>
    </secondaryOutcome>
  </outcomes>
  <eligibility>
    <inclusivecriteria>1. age &gt; 18 years
2. pain related to cancer or its treatment 
3. Brief Pain Inventory-short form (BPI-SF) average pain score greater than or equal to 3 in the previous 24 hours
4. patients with primarily nociceptive pain (defined as Leeds Assessment of Neuropathic Symptoms and Signs score (LANSS) &lt;12), must have received opioids for at least 48 hours, at or greater than 40mg of oral morphine equivalent per day, unless contraindicated. 
5. patients with predominantly neuropathic pain (LANSS  greater than or equal to 12) must have received opioids and at least one antidepressant and/or anticonvulsant for at least 48 hours unless the non-opioid analgesic is specifically contraindicated
6. no increase in baseline opioid dose within 48 hours before study entry, or planned increase during the study
7. no increase in co-analgesics within 48 hours of study entry or planned during the duration 
</inclusivecriteria>
    <inclusiveminage>18</inclusiveminage>
    <inclusiveminagetype>Years</inclusiveminagetype>
    <inclusivemaxage />
    <inclusivemaxagetype>No limit</inclusivemaxagetype>
    <inclusivegender>Both males and females</inclusivegender>
    <healthyvolunteer>No</healthyvolunteer>
    <exclusivecriteria>1. Concurrent corticosteroids or use within 7 days of study
2. Clinician predicted survival less than 28 days
3. Patients due to receive radiotherapy during or within 4 weeks of study entry
4. Patients due to commence other therapies during the study period which in the opinion of the investigator may affect pain, including surgery, anaesthetic procedures and chemotherapy.
5. Medically assessed history of uncontrolled hypertension, uncontrolled cardiac failure, marked fluid retention, or acute sepsis with haemodynamic compromise
6. Patients with documented uncontrolled diabetes mellitus or active peptic ulcer disease
7. Patients with documented history of uncontrolled  bipolar disorder, schizophrenia, moderate to severe anxiety or depression or a history of steroid induced psychosis
</exclusivecriteria>
  </eligibility>
  <trial_design>
    <studytype>Interventional</studytype>
    <purpose>Treatment</purpose>
    <allocation>Randomised controlled trial</allocation>
    <concealment>The clinical trials pharmacy is responsible for the allocation of treatment arms.</concealment>
    <sequence>This study with a sample size of twenty will use a simple computerised randomisation method. The study will be blinded with two groups – dexamethasone group vs a control group with a ratio of 1:1.  The clinical trials pharmacist will be responsible for holding the randomisation schedule and for allocating participants to their group. </sequence>
    <masking>Blinded (masking used)</masking>
    <assignment>Parallel</assignment>
    <designfeatures />
    <endpoint>Safety/efficacy</endpoint>
    <statisticalmethods>Given this is a pilot study a target number of 20 participants were chosen to provide enough information about the feasibility to recruit patients to this trial, as well as giving an indication of dropouts.</statisticalmethods>
    <masking1>True</masking1>
    <masking2>True</masking2>
    <masking3>False</masking3>
    <masking4>False</masking4>
    <patientregistry>False</patientregistry>
    <followup />
    <followuptype />
    <purposeobs />
    <duration />
    <selection />
    <timing />
  </trial_design>
  <recruitment>
    <phase>Phase 2 / Phase 3</phase>
    <anticipatedstartdate>31/08/2015</anticipatedstartdate>
    <actualstartdate>9/10/2015</actualstartdate>
    <anticipatedenddate>1/06/2016</anticipatedenddate>
    <actualenddate>9/10/2015</actualenddate>
    <samplesize>20</samplesize>
    <actualsamplesize>1</actualsamplesize>
    <recruitmentstatus>Terminated</recruitmentstatus>
    <recruitmentcountry>Australia</recruitmentcountry>
    <recruitmentstate>QLD</recruitmentstate>
    <hospital>Mater Adult Hospital - South Brisbane</hospital>
    <hospital>Mater Private Hospital - South Brisbane</hospital>
    <hospital>St Vincent's Hospital Brisbane - Kangaroo Point</hospital>
    <postcode>4101 - South Brisbane</postcode>
    <postcode>4169 - Kangaroo Point</postcode>
  </recruitment>
  <sponsorship>
    <primarysponsortype>Hospital</primarysponsortype>
    <primarysponsorname>Mater HealthServices</primarysponsorname>
    <primarysponsoraddress>Raymond Terrace
South Brisbane, QLD, 4101</primarysponsoraddress>
    <primarysponsorcountry>Australia</primarysponsorcountry>
    <fundingsource>
      <fundingtype>Hospital</fundingtype>
      <fundingname>Mater Research Early Career Researcher Seeding Grant
The Mater Health Services (The Mater Hospital Brisbane).</fundingname>
      <fundingaddress>Raymond Terrace
South Brisbane, QLD, 4101</fundingaddress>
      <fundingcountry>Australia</fundingcountry>
    </fundingsource>
    <secondarysponsor>
      <sponsortype>None</sponsortype>
      <sponsorname />
      <sponsoraddress />
      <sponsorcountry />
    </secondarysponsor>
  </sponsorship>
  <ethicsAndSummary>
    <summary>This study aims to find out how achievable it is to find participants for a trial that involves cancer patients whom despite taking recommended pain relief medications continue to experience problems with pain management, and add either dexamethasone or placebo to their usual medications and evaluate the response. Who is it for? You may be eligible to join this study if you are aged greater than 18 years and continue to experience pain related to cancer or its treatment, despite taking recommended pain relief medications. Study details Participants in this study will be randomly (by chance) allocated to one of two groups. Participants in one group will receive daily injections of a steroid medication known as dexamethasone for 5 days. The injection will either be administered intravenously (i.e. directly into the vein) or subcutaneously (i.e. into the skin). Participants in the other group will receive daily saline injections instead. Saline is an inactive (placebo) treatment. Participants will not know which group they are in until the end of the study. All participants will be asked to complete a number of questionnaires over a period of 14 days in order to evaluate their pain levels and quality of life. Total opioid dose received, overall survival and the occurrence of any adverse events will also be recorded. Data collected from this study will help us determine how achievable it is to proceed to conduct a larger trial. 
</summary>
    <trialwebsite />
    <publication />
    <ethicsreview>Approved</ethicsreview>
    <publicnotes />
    <ethicscommitee>
      <ethicname>Mater Health Services Research Ethics</ethicname>
      <ethicaddress>Room 294, Level 2, Aubigny Place
Raymond Terrace
South Brisbane
QLD 4101</ethicaddress>
      <ethicapprovaldate>23/04/2015</ethicapprovaldate>
      <hrec>NIL</hrec>
      <ethicsubmitdate>12/01/2015</ethicsubmitdate>
      <ethiccountry>Australia</ethiccountry>
    </ethicscommitee>
  </ethicsAndSummary>
  <attachment />
  <contacts>
    <contact>
      <title>Dr</title>
      <name>Philllip Good</name>
      <address>The Mater Hospital Brisbane
Raymond Terrace
South Brisbane, QLD, 4101</address>
      <phone>+617 31633884</phone>
      <fax>+617 31632701</fax>
      <email>phillip.good@mater.org.au</email>
      <country>Australia</country>
      <type>Principal Investigator</type>
    </contact>
    <contact>
      <title>Ms</title>
      <name>Karyn Sullivan</name>
      <address>The Mater Hospital Brisbane
Raymond Terrace
South Brisbane, QLD, 4101</address>
      <phone>+617 31633884</phone>
      <fax>+617 31632701</fax>
      <email>karyn.sullivan@mater.org.au</email>
      <country>Australia</country>
      <type>Public Queries</type>
    </contact>
    <contact>
      <title>Dr</title>
      <name>Philllip Good</name>
      <address>The Mater Hospital Brisbane
Raymond Terrace
South Brisbane, QLD, 4101</address>
      <phone>+617 31633884</phone>
      <fax>+617 31632701</fax>
      <email>phillip.good@mater.org.au</email>
      <country>Australia</country>
      <type>Scientific Queries</type>
    </contact>
    <contact>
      <title>Miss</title>
      <name>Karyn Sullivan</name>
      <address>Raymond Terrace
South Brisbane, QLD, 4101</address>
      <phone>+617 31633884</phone>
      <fax>+617 31632701</fax>
      <email>karyn.sullivan@mater.org.au</email>
      <country>Australia</country>
      <type>Updating Information</type>
    </contact>
  </contacts>
</ANZCTR_Trial>