<?xml-stylesheet type='text/xsl' href='anzctrTransform.xsl'?>
<ANZCTR_Trial requestNumber="367964">
  <stage>Registered</stage>
  <submitdate>13/02/2015</submitdate>
  <approvaldate>26/02/2015</approvaldate>
  <actrnumber>ACTRN12615000190505</actrnumber>
  <trial_identification>
    <studytitle>A pilot study: Risk adapted hypofractionated radiotherapy in Merkel Cell Carcinoma of the elderly and/or the fragile patient. </studytitle>
    <scientifictitle>A pilot study: Risk adapted hypofractionated radiotherapy in Merkel Cell Carcinoma of the elderly and/or the fragile patient assessing safety/efficacy. </scientifictitle>
    <utrn />
    <trialacronym>MP4-pilot study.</trialacronym>
    <secondaryid>None</secondaryid>
  </trial_identification>
  <conditions>
    <healthcondition>Merkel Cell Carcinoma</healthcondition>
    <conditioncode>
      <conditioncode1>Cancer</conditioncode1>
      <conditioncode2>Non melanoma skin cancer</conditioncode2>
    </conditioncode>
  </conditions>
  <interventions>
    <interventions>Hypofractionated (shortened course) radiotherapy.
All patients will be treated with one of two hypofractionated radiotherapy schedules. The treating physician determines which schedule will be used.
Intermediate performance status patients will be treated to a dose of 46Gy in 20 fractions with gross disease boosted to 52.5Gy in 20 fractions (4 week total treatment time) with simultaneous integrated boost (SIB). 
Poor performance status patients will be treated to a dose of 33Gy in 6 fractions over three weeks (treatments on Mon &amp; Thurs or Tues &amp; Fri). Patients may be treated with 3-D conformal RT, IMRT, Tomotherapy, VMAT, electron or kV / orthovolt radiotherapy.
</interventions>
    <comparator>Prospective study with one of two hypofractionated radiotherapy treatment options.
The results will be descriptively compared between both groups (dose comparison) and also will be described in the context of historical data (TROG 96.07 study, Publication Poulsen M et al, JCO 2003).</comparator>
    <control>Dose comparison</control>
    <interventioncode>Treatment: Other</interventioncode>
  </interventions>
  <outcomes>
    <primaryOutcome>
      <outcome>Time to loco-regional progression as assessed by clinical follow-up


</outcome>
      <timepoint>4 monthly for two years
6 monthly for third year</timepoint>
    </primaryOutcome>
    <primaryOutcome>
      <outcome>Incidence of acute grade 3 and 4 toxicity (CTCAE version 4)</outcome>
      <timepoint>At baseline, weekly during RT, then one and two weeks after completion of RT.
Four monthly for two years
Six monthly for third year</timepoint>
    </primaryOutcome>
    <secondaryOutcome>
      <outcome>Time to distant failure as assessed by clinical  follow-up.


</outcome>
      <timepoint>4 monthly for two years
6 monthly for third year
</timepoint>
    </secondaryOutcome>
    <secondaryOutcome>
      <outcome>Overall survival as assessed by clinical follow-up.
</outcome>
      <timepoint>4 monthly for two years
6 monthly for third year
</timepoint>
    </secondaryOutcome>
    <secondaryOutcome>
      <outcome>Quality of life as assessed by FACIT-F trial outcome index

</outcome>
      <timepoint>At baseline and at 3, 4 and 7 weeks after RT commencement and at 12, 24, 36 months.</timepoint>
    </secondaryOutcome>
  </outcomes>
  <eligibility>
    <inclusivecriteria>60 years or older, fragile, unfit for long course radiotherapy or radio-/chemotherapy. Histological diagnosis of Merkel Cell Cancer.</inclusivecriteria>
    <inclusiveminage>60</inclusiveminage>
    <inclusiveminagetype>Years</inclusiveminagetype>
    <inclusivemaxage />
    <inclusivemaxagetype>No limit</inclusivemaxagetype>
    <inclusivegender>Both males and females</inclusivegender>
    <healthyvolunteer>No</healthyvolunteer>
    <exclusivecriteria>Patients younger than 60 years
Patients unable to give consent
Patients who have previously had radiotherapy to the area of concern
</exclusivecriteria>
  </eligibility>
  <trial_design>
    <studytype>Interventional</studytype>
    <purpose>Treatment</purpose>
    <allocation>Non-randomised trial</allocation>
    <concealment />
    <sequence />
    <masking>Open (masking not used)</masking>
    <assignment>Parallel</assignment>
    <designfeatures />
    <endpoint>Safety/efficacy</endpoint>
    <statisticalmethods>Descriptive statistics.
Time to loco-regional progression (TTLRP), time to distant failure (TTDF) and overall survival (OS) curves will be calculated using the Kaplan-Meier (K-M) method. 
Incidences of grade 3 or 4 acute toxicity will be reported as the proportions of patients developing these conditions; 95% confidence intervals (CI) for the true incidences will be calculated. 

</statisticalmethods>
    <masking1 />
    <masking2 />
    <masking3 />
    <masking4 />
    <patientregistry>False</patientregistry>
    <followup />
    <followuptype />
    <purposeobs />
    <duration />
    <selection />
    <timing />
  </trial_design>
  <recruitment>
    <phase>Not Applicable</phase>
    <anticipatedstartdate>1/04/2015</anticipatedstartdate>
    <actualstartdate />
    <anticipatedenddate />
    <actualenddate />
    <samplesize>20</samplesize>
    <actualsamplesize />
    <recruitmentstatus>Not yet recruiting</recruitmentstatus>
    <recruitmentcountry>Australia</recruitmentcountry>
    <recruitmentstate>NSW,QLD,VIC</recruitmentstate>
    <hospital>The Chris O’Brien Lifehouse - Camperdown</hospital>
    <hospital>Mater Adult Hospital - South Brisbane</hospital>
    <hospital>Westmead Hospital - Westmead</hospital>
    <hospital>Barwon Health - Geelong Hospital campus - Geelong</hospital>
    <hospital>Peter MacCallum Cancer Institute - East Melbourne</hospital>
    <hospital>St Vincent's Hospital (Darlinghurst) - Darlinghurst</hospital>
    <hospital>Calvary Mater Newcastle - Waratah</hospital>
    <postcode>2050 - Camperdown</postcode>
    <postcode>4101 - South Brisbane</postcode>
    <postcode>2145 - Westmead</postcode>
    <postcode>3220 - Geelong</postcode>
    <postcode>3002 - East Melbourne</postcode>
    <postcode>2010 - Darlinghurst</postcode>
    <postcode>2298 - Waratah</postcode>
  </recruitment>
  <sponsorship>
    <primarysponsortype>Hospital</primarysponsortype>
    <primarysponsorname>Chris O'Brien Lifehouse</primarysponsorname>
    <primarysponsoraddress>119-143 Missenden Road
Camperdown NSW 2050</primarysponsoraddress>
    <primarysponsorcountry>Australia</primarysponsorcountry>
    <fundingsource>
      <fundingtype>Hospital</fundingtype>
      <fundingname>Radiation Oncology 
Chris O'Brien Lifehouse</fundingname>
      <fundingaddress>119-143 Missenden Road
Camperdown NSW 2050</fundingaddress>
      <fundingcountry>Australia</fundingcountry>
    </fundingsource>
    <secondarysponsor>
      <sponsortype>None</sponsortype>
      <sponsorname>n/a</sponsorname>
      <sponsoraddress>n/a</sponsoraddress>
      <sponsorcountry />
    </secondarysponsor>
  </sponsorship>
  <ethicsAndSummary>
    <summary>This pilot study will determine the safety and efficacy of a risk adapted hypofractionated (shortened course) of radiotherapy for treatment of elderly and/or fragile patients with Merkel cell carcinoma. 
Who is it for? You may be eligible to join this study if you are aged 60 years or above, have been diagnosed with Merkel cell carcinoma, are fragile and deemed unfit for a long course of radiotherapy or radio-/chemotherapy. 
Study details: Participants in this study will be included in either one of two groups according to their performance status. Participants with intermediate performance status will receive 46Gy - 52.5Gy in 20 fractions over 4 weeks, whilst participants with poor performance status will receive 33Gy in 6 fractions over 3 weeks. Patients may be treated with 3-D conformal RT, IMRT, Tomotherapy, VMAT, electron or kV / orthovolt radiotherapy at the discretion of their treating physician. Participants will be followed-up for up to 36 months post-treatment, in order to determine time to loco-regional progression, toxicity, survival rates and quality of life.</summary>
    <trialwebsite />
    <publication />
    <ethicsreview>Not yet submitted</ethicsreview>
    <publicnotes />
    <ethicscommitee>
      <ethicname>Sydney Local Health District HREC - RPAH Zone</ethicname>
      <ethicaddress>Research Development Office
RPAH Medical Centre
Suite 210A, 100 Carillon Avenue
Newtown NSW 2042 
</ethicaddress>
      <ethicapprovaldate />
      <hrec />
      <ethicsubmitdate>18/02/2015</ethicsubmitdate>
      <ethiccountry>Australia</ethiccountry>
    </ethicscommitee>
  </ethicsAndSummary>
  <attachment />
  <contacts>
    <contact>
      <title>A/Prof</title>
      <name>George Hruby</name>
      <address>Radiation Oncology
Chris O'Brien Lifehouse
119-143 Missenden Road
Camperdown NSW 2050</address>
      <phone>+ 61 2 8514 0218</phone>
      <fax />
      <email>george.hruby@lh.org.au </email>
      <country>Australia</country>
      <type>Principal Investigator</type>
    </contact>
    <contact>
      <title>Dr</title>
      <name>Diana Naehrig</name>
      <address>Radiation Oncology
Chris O'Brien Lifehouse
119-143 Missenden Road
Camperdown NSW 2050</address>
      <phone>+ 61 2 8514 0490</phone>
      <fax />
      <email>diana.naehrig@lh.org.au</email>
      <country>Australia</country>
      <type>Public Queries</type>
    </contact>
    <contact>
      <title>A/Prof</title>
      <name>George Hruby</name>
      <address>Radiation Oncology
Chris O'Brien Lifehouse
119-143 Missenden Road
Camperdown NSW 2050</address>
      <phone>+ 61 2 8514 0218</phone>
      <fax />
      <email>george.hruby@lh.org.au </email>
      <country>Australia</country>
      <type>Scientific Queries</type>
    </contact>
    <contact>
      <title>Dr</title>
      <name>Diana Naehrig</name>
      <address>Radiation Oncology
Chris O'Brien Lifehouse
119-143 Missenden Road
Camperdown NSW 2050</address>
      <phone>+ 61 2 8514 0490</phone>
      <fax />
      <email>diana.naehrig@lh.org.au</email>
      <country>Australia</country>
      <type>Updating Information</type>
    </contact>
  </contacts>
</ANZCTR_Trial>