<?xml-stylesheet type='text/xsl' href='anzctrTransform.xsl'?>
<ANZCTR_Trial requestNumber="372698">
  <stage>Registered</stage>
  <submitdate>5/04/2017</submitdate>
  <approvaldate>11/04/2017</approvaldate>
  <actrnumber>ACTRN12617000530325</actrnumber>
  <trial_identification>
    <studytitle>Evaluation of dynamic clot formation in Endoscopic Mucosal Resection</studytitle>
    <scientifictitle>Evaluation of dynamic clot formation in Endoscopic Mucosal Resection</scientifictitle>
    <utrn />
    <trialacronym />
    <secondaryid>nil known</secondaryid>
  </trial_identification>
  <conditions>
    <healthcondition>sessile polyp</healthcondition>
    <healthcondition>bleeding</healthcondition>
    <healthcondition>hyperfibrinolysis</healthcondition>
    <conditioncode>
      <conditioncode1>Oral and Gastrointestinal</conditioncode1>
      <conditioncode2>Other diseases of the mouth, teeth, oesophagus, digestive system including liver and colon</conditioncode2>
    </conditioncode>
    <conditioncode>
      <conditioncode1>Cancer</conditioncode1>
      <conditioncode2>Bowel - Back passage (rectum) or large bowel (colon)</conditioncode2>
    </conditioncode>
    <conditioncode>
      <conditioncode1>Blood </conditioncode1>
      <conditioncode2>Clotting disorders</conditioncode2>
    </conditioncode>
  </conditions>
  <interventions>
    <interventions> In theory electro surgery can increase plasminogen activity and cause hyperfibrinolysis..
viscoelastic testing on 3 occasions, which is not part of standard care, might confirm this hypothesis which has not been previously demonstrated in humans.
Viscoelastic testing is assessing whole blood clotting. At our hospital this is done by Thrombelastomerty with ROTEM by our Pathology provider. Only 4 ml of blood is required and the test can be done for up to 4 hours after the sample is taken.</interventions>
    <comparator>no control group</comparator>
    <control>Uncontrolled</control>
    <interventioncode>Early detection / Screening</interventioncode>
  </interventions>
  <outcomes>
    <primaryOutcome>
      <outcome>coagulation abnormality detected by Thrombelastometry</outcome>
      <timepoint>post procedural , before discharge from hospital within 2 hours of EMR, and on day two post EMR</timepoint>
    </primaryOutcome>
    <secondaryOutcome>
      <outcome>bleeding, noted by patient, prompting contacting the hospital and/or re-admission</outcome>
      <timepoint>2-3 days post procedure</timepoint>
    </secondaryOutcome>
  </outcomes>
  <eligibility>
    <inclusivecriteria>patients undergoing EMR for large sessile colonic polyps </inclusivecriteria>
    <inclusiveminage>18</inclusiveminage>
    <inclusiveminagetype>Years</inclusiveminagetype>
    <inclusivemaxage />
    <inclusivemaxagetype>No limit</inclusivemaxagetype>
    <inclusivegender>Both males and females</inclusivegender>
    <healthyvolunteer>No</healthyvolunteer>
    <exclusivecriteria>Patients on anticoagulants or antiplatelet agents
</exclusivecriteria>
  </eligibility>
  <trial_design>
    <studytype>Interventional</studytype>
    <purpose>Diagnosis</purpose>
    <allocation>Non-randomised trial</allocation>
    <concealment />
    <sequence />
    <masking>Open (masking not used)</masking>
    <assignment>Single group</assignment>
    <designfeatures />
    <endpoint>Safety</endpoint>
    <statisticalmethods>Analysis will be descriptive</statisticalmethods>
    <masking1 />
    <masking2 />
    <masking3 />
    <masking4 />
    <patientregistry>False</patientregistry>
    <followup />
    <followuptype />
    <purposeobs />
    <duration />
    <selection />
    <timing />
  </trial_design>
  <recruitment>
    <phase>Not Applicable</phase>
    <anticipatedstartdate>1/05/2017</anticipatedstartdate>
    <actualstartdate />
    <anticipatedenddate>31/08/2017</anticipatedenddate>
    <actualenddate />
    <samplesize>30</samplesize>
    <actualsamplesize />
    <recruitmentstatus>Recruiting</recruitmentstatus>
    <anticipatedlastvisitdate>6/09/2017</anticipatedlastvisitdate>
    <actuallastvisitdate />
    <dataanalysis />
    <withdrawnreason />
    <withdrawnreasonother />
    <recruitmentcountry>Australia</recruitmentcountry>
    <recruitmentstate>SA</recruitmentstate>
    <hospital>Lyell McEwin Hospital - Elizabeth Vale</hospital>
    <postcode>5112 - Elizabeth Vale</postcode>
  </recruitment>
  <sponsorship>
    <primarysponsortype>Hospital</primarysponsortype>
    <primarysponsorname>Lyell McEwin</primarysponsorname>
    <primarysponsoraddress>Haydown Rd
Elizabeth Vale SA 5112</primarysponsoraddress>
    <primarysponsorcountry>Australia</primarysponsorcountry>
    <fundingsource>
      <fundingtype>Hospital</fundingtype>
      <fundingname>Anaesthesia research fund</fundingname>
      <fundingaddress>Haydown Rd
Elizabeth Vale   
SA 5112</fundingaddress>
      <fundingcountry>Australia</fundingcountry>
    </fundingsource>
    <fundingsource>
      <fundingtype>Government body</fundingtype>
      <fundingname>South Australian PBM council </fundingname>
      <fundingaddress>11 Hindmarsh Square, Adelaide, SA 5000
Mail: PO Box 287, Rundle Mall, Adelaide SA 5001
</fundingaddress>
      <fundingcountry>Australia</fundingcountry>
    </fundingsource>
    <secondarysponsor>
      <sponsortype>None</sponsortype>
      <sponsorname />
      <sponsoraddress />
      <sponsorcountry />
    </secondarysponsor>
  </sponsorship>
  <ethicsAndSummary>
    <summary>Approximately 17000 colonic cancers are diagnosed in Australia each year. The majority of patients will undergo surgery. Large sessile lesions are traditionally removed surgically. In recent years advances in Endoscopic Mucosal Resection (EMR) emerged as a safe, effective, minimally invasive technique for removal of large sessile polyps and can be performed as an ambulatory procedure in special Gastroenterology units. This has potentially a much smaller impact on the patient and allows a faster recovery.
However, one of the main risk factors of EMR is delayed bleeding. Clinically significant post-endoscopic bleeding [CSPEB] occurred in 6.2% of patients. The underlying cause for the bleeding is unclear.
We suspect that there is a possibility the clotting system gets disturbed slightly during the procedure in some patients. A special blood test looking for clotting abnormalities may help us evaluate if this theory is true or not. 

This study will test for clotting abnormalities before and after endoscopic mucosal resection (EMR).

Who is it for?
You may be eligible to join this study if you are aged 18 years or above and are undergoing EMR for large sessile colonic polyps.

Study details
All participants will have a blood test immediately before and after the EMR to check for clotting abnormalities. Participants will be asked to return to the clinic for post-procedure follow-up 2-3 days after the procedure to determine any occurrences of post-endoscopic bleeding.
</summary>
    <trialwebsite />
    <publication />
    <ethicsreview>Approved</ethicsreview>
    <publicnotes />
    <ethicscommitee>
      <ethicname>Human Research Ethics Committee (TQEH/LMH/MH)</ethicname>
      <ethicaddress>Basil Hetzel Institute 
The Queen Elizabeth Hospital
28 Woodville Road
Woodville South SA 5011</ethicaddress>
      <ethicapprovaldate>7/04/2017</ethicapprovaldate>
      <hrec>HREC/17/TQEH/66</hrec>
      <ethicsubmitdate>27/03/2017</ethicsubmitdate>
      <ethiccountry>Australia</ethiccountry>
    </ethicscommitee>
  </ethicsAndSummary>
  <attachment />
  <contacts>
    <contact>
      <title>A/Prof</title>
      <name>Bernd Froessler</name>
      <address>Lyell McEwin  Hospital
Haydown Road
Elizabeth Vale  SA  5112

</address>
      <phone>+61881829806</phone>
      <fax />
      <email>bernd.froessler@sa.gov.au</email>
      <country>Australia</country>
      <type>Principal Investigator</type>
    </contact>
    <contact>
      <title>A/Prof</title>
      <name>Bernd Froessler</name>
      <address>Lyell McEwin  Hospital
Haydown Road
Elizabeth Vale  SA  5112</address>
      <phone>+61881829806</phone>
      <fax />
      <email>bernd.froessler@sa.gov.au</email>
      <country>Australia</country>
      <type>Public Queries</type>
    </contact>
    <contact>
      <title>A/Prof</title>
      <name>Bernd Froessler</name>
      <address>Lyell McEwin  Hospital
Haydown Road
Elizabeth Vale  SA  5112</address>
      <phone>+61881829806</phone>
      <fax />
      <email>bernd.froessler@sa.gov.au</email>
      <country>Australia</country>
      <type>Scientific Queries</type>
    </contact>
    <contact>
      <title>A/Prof</title>
      <name>Bernd Froessler</name>
      <address>Lyell McEwin  Hospital
Haydown Road
Elizabeth Vale  SA  5112</address>
      <phone>+61881829806</phone>
      <fax />
      <email>bernd.froessler@sa.gov.au</email>
      <country>Australia</country>
      <type>Updating Information</type>
    </contact>
  </contacts>
</ANZCTR_Trial>