<?xml-stylesheet type='text/xsl' href='anzctrTransform.xsl'?>
<ANZCTR_Trial requestNumber="370539">
  <stage>Registered</stage>
  <submitdate>16/04/2016</submitdate>
  <approvaldate>20/04/2016</approvaldate>
  <actrnumber>ACTRN12616000511437</actrnumber>
  <trial_identification>
    <studytitle>A non-blinded, randomised, controlled, superiority trial of StrataXRT 'Registered Trademark' versus 10% Glycerine (Sorbolene) cream for prophylaxis and management of radiation dermatitis in head and neck cancer patients receiving radical radiotherapy with or without concurrent systemic therapy</studytitle>
    <scientifictitle>A non-blinded, randomised, controlled, superiority trial of StrataXRT 'Registered Trademark' versus 10% Glycerine (Sorbolene) cream for prophylaxis and management of radiation dermatitis in head and neck cancer patients receiving radical radiotherapy with or without concurrent systemic therapy</scientifictitle>
    <utrn>Nil known</utrn>
    <trialacronym />
    <secondaryid>Nil known</secondaryid>
  </trial_identification>
  <conditions>
    <healthcondition>Head and Neck Cancer</healthcondition>
    <conditioncode>
      <conditioncode1>Cancer</conditioncode1>
      <conditioncode2>Head and neck</conditioncode2>
    </conditioncode>
  </conditions>
  <interventions>
    <interventions>StrataXRT 'Registered Trademark' is a TGA-approved silicon-based topical preparation, consisting of polydimethylsiloxanes, Siloxanes, and Alkylmethyl Silicones

Patients will be asked to start topical application of their allocated topical preparation on the area of skin being irradiated at the onset of radiotherapy, twice a day until the skin reaction subsides, up to 4 weeks post treatment. The amount of topical preparation dispensed to each patient will be recorded throughout treatment. If moist desquamation occurs, Group one will continue to apply StrataXRT 'Registered Trademark' in addition to Atrauman 'Registered Trademark' dressing and non-sterile combine roll until the wound heals as per standard practice. Patients will be asked to still continue with the allocated topical preparation onto irradiated areas that have no skin breakdown. All participants will be given written instructions on how to apply the allocated treatment.</interventions>
    <comparator>Sorbolene (usual care) is consisted of purified water, cetostearyl alcohol, liquid paraffin, white soft paraffin, caprilic/capric triglyceride, propylene glycol, cetomacrogol 1000, phenoxyethanol, methyl hydroxybenzoate and propyl hydroxybenzoate. 

Patients will be asked to start topical application of their allocated topical preparation on the area of skin being irradiated at the onset of radiotherapy, twice a day or more as needed depending on the occurrence of RD and pain, up to 4 weeks post treatment. Patients will discontinue applying Sorbolene in the area of skin breakdown and Intrasite Gel, Atrauman 'Registered Trademark' and non-sterile combine roll will be applied until the wound heals as per standard practice. Patients will be asked to still continue with the allocated topical preparation onto irradiated area that has no breakdown. All participants are given written instructions on how to apply the allocated treatment.</comparator>
    <control>Active</control>
    <interventioncode>Prevention</interventioncode>
    <interventioncode>Treatment: Devices</interventioncode>
  </interventions>
  <outcomes>
    <primaryOutcome>
      <outcome>Incidence of &gt;Grade 2 Radiation Dermatitis  (as measured by the Common Terminology Criteria for Adverse Events) (CTCAE- Version 4.0) </outcome>
      <timepoint>At 6 weeks of Radiation Treatment</timepoint>
    </primaryOutcome>
    <secondaryOutcome>
      <outcome>Time to grade 1, 2, 3, and 4 of Radiation Dermatitis (as measured by the Common Terminology Criteria for Adverse Events) (CTCAE- Version 4.0)  </outcome>
      <timepoint>This outcome is assessed once a week throughout the radiation treatment up to 4 weeks after treatment </timepoint>
    </secondaryOutcome>
    <secondaryOutcome>
      <outcome>The average levels of RD throughout the radiation treatment up to 4 weeks after treatment  (as measured by the Common Terminology Criteria for Adverse Events) (CTCAE- Version 4.0) </outcome>
      <timepoint>This outcome is assessed once a week throughout the radiation treatment up to 4 weeks after treatment </timepoint>
    </secondaryOutcome>
    <secondaryOutcome>
      <outcome>The proportion of participants developing &gt;Grade 2 RD (as measured by the Common Terminology Criteria for Adverse Events) (CTCAE- Version 4.0) </outcome>
      <timepoint>This outcome is assessed once a week throughout the radiation treatment up to 4 weeks after treatment </timepoint>
    </secondaryOutcome>
    <secondaryOutcome>
      <outcome>Levels of pain (as measured by three measures from the Brief Pain Inventory (BPI): the average, best, and worst pain, and pain relief scores from the preceding seven days)</outcome>
      <timepoint>This outcome is assessed once a week throughout the radiation treatment up to 4 weeks after treatment </timepoint>
    </secondaryOutcome>
    <secondaryOutcome>
      <outcome>Levels of itching (as measured by a numeric analogue scale of 0-10 in the treated skin (0= no itching at all), (10= itching as bad as you can imagine))</outcome>
      <timepoint>This outcome is assessed once a week throughout the radiation treatment up to 4 weeks after treatment </timepoint>
    </secondaryOutcome>
    <secondaryOutcome>
      <outcome>Level of skin related quality of life (as measured by Skindex-16)</outcome>
      <timepoint>Week 6 of Radiation Treatment</timepoint>
    </secondaryOutcome>
    <secondaryOutcome>
      <outcome>Healthcare resource utilisation and costs: Healthcare resources (both labour and non-labour) associated with the provision of the StrataXRT  'Registered Trademark' (intervention group), Sorbolene (usual care group) and clinical appointments, nursing labour time, or other wound management resources (e.g. wound dressings) associated with either the planned intervention (or usual care) skin management, or management of RD will be recorded for each participant throughout the trial. At the completion of the trial, unit costs will be applied at market rates to describe labour and non-labour healthcare costs associated with the planned skin intervention as well as the management of RD.</outcome>
      <timepoint>At the completion of the trial</timepoint>
    </secondaryOutcome>
    <secondaryOutcome>
      <outcome>Treatment interruptions 
Although RD-related treatment interruptions are expected to be rare, any interruptions will be documented throughout the study (Yes/No). </outcome>
      <timepoint>Throughout the radiation treatment</timepoint>
    </secondaryOutcome>
    <secondaryOutcome>
      <outcome>Adverse events 
There is no specific adverse event from the topical treatments. However, if any unexpected adverse events arise, we will  measure this using the Common Terminology Criteria for Adverse Events) (CTCAE- Version 4.0) </outcome>
      <timepoint>Throughout treatment and up to 4 weeks</timepoint>
    </secondaryOutcome>
  </outcomes>
  <eligibility>
    <inclusivecriteria>Participants in this study will be patients receiving radical radiotherapy +/- concurrent chemotherapy or biotherapy for head and neck cancer at the Royal Brisbane and Women's Hospital
*Age &gt;18 years
*Patients who have a definitive diagnosis of head and neck cancer
*Patients who are receiving radiotherapy (&gt;50 Gy) either as primary treatment or postoperative treatment to their head and neck. </inclusivecriteria>
    <inclusiveminage>18</inclusiveminage>
    <inclusiveminagetype>Years</inclusiveminagetype>
    <inclusivemaxage />
    <inclusivemaxagetype>No limit</inclusivemaxagetype>
    <inclusivegender>Both males and females</inclusivegender>
    <healthyvolunteer>No</healthyvolunteer>
    <exclusivecriteria>*Patients who are unable to consent
*Patients with pre-existing skin rash, ulceration or open wound in the treatment area
*Patients with known allergic and other systemic skin diseases even not directly affecting irradiated fields.
*Patients with any known allergic reactions towards any ingredient of either the StrataXRT 'Registered Trademark' or the Sorbolene and failed the patch test.
</exclusivecriteria>
  </eligibility>
  <trial_design>
    <studytype>Interventional</studytype>
    <purpose>Prevention</purpose>
    <allocation>Randomised controlled trial</allocation>
    <concealment>After the research nurse has obtained the patient’s consent. The research nurse will then allocate participants to either receive StrataXRT 'Registered Trademark', or receive Sorbolene according to the generated sequence. This proposed study is a non-blinded study. </concealment>
    <sequence>Blocked randomisation will be performed by a computer generated random number list prepared by an investigator who has no clinical involvement in the trial. Stratification by either scheduled for or on concurrent biotherapy will be carried out.</sequence>
    <masking>Open (masking not used)</masking>
    <assignment>Parallel</assignment>
    <designfeatures />
    <endpoint>Efficacy</endpoint>
    <statisticalmethods>Intention to treat analyses will be carried out. Patient characteristics between arms will be compared using the chi-square test for discrete variables and the t-test for continuous variables. RDs will be evaluated using Kaplan-Meier actuarial plots (time to event) with the log-rank test for significance. Uni-variate regression models will determine the significance of factors to be included in the multivariate Cox regression model. 

To address the economic-related aims of this study, skin-related healthcare resource utilisation will be summarised for both labour and non-labour items. This will include resource utilisation associated with the planned interventions for each group, as well as management of adverse skin reactions. Unit costs will be applied at market rates for the index year of the study. Cost effectiveness estimates will be generated from the perspective of a healthcare provider deciding whether or not to choose StrataXRT 'Registered Trademark' or Sorbolene (current usual care). This will be estimated using an Incremental Cost-Effectiveness Ratios (ICER) cost per incident of &gt; Grade 2 RD averted derived from between group differences in costs and incidence rates of &gt; Grade 2 RD during the trial. Due to the potential for uncertainty and non-normal distribution for some data, 95% confidence intervals (for costs and effect estimates) and a 95% confidence ellipse (for incremental cost effectiveness ratio estimates) will be derived from bootstrap resampling (2000 replications of original sample size), and cost effectiveness acceptability curves for varying threshold values of cost effectiveness will also be prepared if relevant. An assessment of the sensitivity of the results obtained to variation in measured resource use, effectiveness, time-horizon, perspective and unit costs will be undertaken where appropriate using one-way or multi-way sensitivity analyses.

Sample size
A sample size of at least 93 in each arm would be required to detect a 20% difference in the CTCAE skin toxicity scores at week 6 using a 2-sided significance level of 0.05 and a power of 80%. Assuming that approximately 5% will be lost to follow-up; an additional 5 in each group will be required so the final sample will require 196 patients (98 per arm). All eligible patients will be approached consecutively. According to the local statistics of RBWH Cancer Care Services, 270 patients receive radical radiotherapy for head and neck cancer over a twelve-month period. Thus, the sample size proposed is achievable over a period of 12 months. </statisticalmethods>
    <masking1 />
    <masking2 />
    <masking3 />
    <masking4 />
    <patientregistry>False</patientregistry>
    <followup />
    <followuptype />
    <purposeobs />
    <duration />
    <selection />
    <timing />
  </trial_design>
  <recruitment>
    <phase>Not Applicable</phase>
    <anticipatedstartdate>30/05/2016</anticipatedstartdate>
    <actualstartdate>4/07/2016</actualstartdate>
    <anticipatedenddate>2/06/2017</anticipatedenddate>
    <actualenddate />
    <samplesize>196</samplesize>
    <actualsamplesize />
    <recruitmentstatus>Recruiting</recruitmentstatus>
    <anticipatedlastvisitdate />
    <actuallastvisitdate />
    <dataanalysis />
    <withdrawnreason />
    <withdrawnreasonother />
    <recruitmentcountry>Australia</recruitmentcountry>
    <recruitmentstate>QLD</recruitmentstate>
    <hospital>Royal Brisbane &amp; Womens Hospital - Herston</hospital>
    <postcode>4029 - Royal Brisbane Hospital</postcode>
  </recruitment>
  <sponsorship>
    <primarysponsortype>University</primarysponsortype>
    <primarysponsorname>Queensland University of Technology</primarysponsorname>
    <primarysponsoraddress>Level 4, 88 Musk Ave, Kelvin Grove, QLD 4059, Australia</primarysponsoraddress>
    <primarysponsorcountry>Australia</primarysponsorcountry>
    <fundingsource>
      <fundingtype>Commercial sector/Industry</fundingtype>
      <fundingname>STRATPHARMA AG</fundingname>
      <fundingaddress>Centralbahnplatz 8
4051 Basel, Switzerland </fundingaddress>
      <fundingcountry>Switzerland</fundingcountry>
    </fundingsource>
    <secondarysponsor>
      <sponsortype>Hospital</sponsortype>
      <sponsorname>Royal Brisbane and Women's Hospital</sponsorname>
      <sponsoraddress>Butterfield Street, Herston, QLD 4029, Australia</sponsoraddress>
      <sponsorcountry>Australia</sponsorcountry>
    </secondarysponsor>
  </sponsorship>
  <ethicsAndSummary>
    <summary>The primary purpose of this trial is to investigate the efficacy of StrataXRT in reducing the incidence and rate of onset of radiation dermatitis in head and neck cancer patients undergoing radiotherapy. 
Who is it for? 
You may be eligible to participate in this trial if you are aged 18 or over, and have been diagnosed with a head or neck cancer for which you are receiving radiotherapy (&gt;50Gy) with or without concurrent chemotherapy or biotherapy. 
Study details 
Participants enrolled in this trial will be randomly allocated (by chance) to receive either StrataXRT gel or 10% Glycerine (Sorbolene). The allocated dressing will be applied to the irradiated skin, twice a day until the skin reaction subsides, up to 4 weeks post treatment. Participants will complete a range of questionnaires by interview every week from the start of radiotherapy and four weeks following the completion of radiotherapy, in addition to collecting data on radiation dermatitis symptoms, healthcare costs and side effects. It is hoped that results from this trial will provide information on whether StrataXRT is more safe and effective than Sorbolene for the prevention and treatment of radiation dermatitis in head and neck cancer patients undergoing radiotherapy.</summary>
    <trialwebsite>N/A</trialwebsite>
    <publication>N/A</publication>
    <ethicsreview>Approved</ethicsreview>
    <publicnotes>N/A</publicnotes>
    <ethicscommitee>
      <ethicname>Royal Brisbane and Women's Hospital Ethics Committee</ethicname>
      <ethicaddress>Level 7, Block 7, Royal Brisbane and Women's Hospital, Herston, QLD 4029</ethicaddress>
      <ethicapprovaldate>26/04/2016</ethicapprovaldate>
      <hrec />
      <ethicsubmitdate>30/03/2016</ethicsubmitdate>
      <ethiccountry>Australia</ethiccountry>
    </ethicscommitee>
    <ethicscommitee>
      <ethicname>Queensland University of Technology</ethicname>
      <ethicaddress>Office of Research Ethics &amp; Integrity, Level 4, 88 Musk Avenue, Kelvin Grove, QLD 4029, Australia</ethicaddress>
      <ethicapprovaldate>27/05/2016</ethicapprovaldate>
      <hrec />
      <ethicsubmitdate>2/05/2016</ethicsubmitdate>
      <ethiccountry>Australia</ethiccountry>
    </ethicscommitee>
  </ethicsAndSummary>
  <attachment />
  <contacts>
    <contact>
      <title>A/Prof</title>
      <name>Raymond Chan</name>
      <address>Level 2, Building 34, Royal Brisbane and Women's Hospital, Butterfield Street, QLD 4029, Australia</address>
      <phone>+61736462653</phone>
      <fax />
      <email>Raymond.Chan@qut.edu.au</email>
      <country>Australia</country>
      <type>Principal Investigator</type>
    </contact>
    <contact>
      <title>A/Prof</title>
      <name>Raymond Chan</name>
      <address>Level 2, Building 34, Royal Brisbane and Women's Hospital, Butterfield Street, QLD 4029, Australia</address>
      <phone>+61736462653</phone>
      <fax />
      <email>Raymond.Chan@qut.edu.au</email>
      <country>Australia</country>
      <type>Public Queries</type>
    </contact>
    <contact>
      <title>A/Prof</title>
      <name>Raymond Chan</name>
      <address>Level 2, Building 34, Royal Brisbane and Women's Hospital, Butterfield Street, QLD 4029, Australia</address>
      <phone>+61736462653</phone>
      <fax />
      <email>Raymond.Chan@qut.edu.au</email>
      <country>Australia</country>
      <type>Scientific Queries</type>
    </contact>
    <contact>
      <title>A/Prof</title>
      <name>Raymond Chan</name>
      <address>Level 2, Building 34, Royal Brisbane and Women's Hospital, Butterfield Street, QLD 4029, Australia</address>
      <phone>+61736462653</phone>
      <fax />
      <email>Raymond.Chan@qut.edu.au</email>
      <country>Australia</country>
      <type>Updating Information</type>
    </contact>
  </contacts>
</ANZCTR_Trial>